Benchmarking Framework,Benchmarking Module Name,Case Name,tag,run_backward,Execution Time,Peak Memory (KB),Memory Bandwidth (GB/s)
PyTorch,add,add_M1_N1_K1_cpu,short,False,1.489924,0.0,0.008054
PyTorch,add,add_M64_N64_K64_cpu,short,False,99.814438,0.0,31.515761
PyTorch,add,add_M64_N64_K128_cpu,short,False,101.215696,0.0,62.158897
PyTorch,add,add_M1_N1_K1_cpu_bwdall_BACKWARD,short,True,4879.657125,0.0,2e-06
PyTorch,add,add_M1_N1_K1_cpu_bwd1_BACKWARD,short,True,4869.273625,0.0,2e-06
PyTorch,add,add_M1_N1_K1_cpu_bwd2_BACKWARD,short,True,4860.923625,0.0,2e-06
PyTorch,add,add_M64_N64_K64_cpu_bwdall_BACKWARD,short,True,38198.1165,0.0,0.082353
PyTorch,add,add_M64_N64_K64_cpu_bwd1_BACKWARD,short,True,38290.915,0.0,0.082153
PyTorch,add,add_M64_N64_K64_cpu_bwd2_BACKWARD,short,True,38056.310001,0.0,0.08266
PyTorch,add,add_M64_N64_K128_cpu_bwdall_BACKWARD,short,True,74955.703,0.0,0.083936
PyTorch,add,add_M64_N64_K128_cpu_bwd1_BACKWARD,short,True,74725.758,0.0,0.084194
PyTorch,add,add_M64_N64_K128_cpu_bwd2_BACKWARD,short,True,74653.4585,0.0,0.084275
PyTorch,arange,arange_start0_end1000_step2.5_cpu_dtypetorch.float32,short,False,2.838775,0.0,
PyTorch,arange,arange_start-1024_end2048_step1_cpu_dtypetorch.float32,short,False,3.577105,0.0,
PyTorch,as_strided,"as_strided_M8_N8_size(2,2)_stride(1,1)_storage_offset0_cpu",short,False,1.458951,0.0,0.350937
PyTorch,as_strided,"as_strided_M256_N256_size(32,32)_stride(1,1)_storage_offset0_cpu",short,False,1.442201,0.0,363.533268
PyTorch,as_strided,"as_strided_M512_N512_size(64,64)_stride(2,2)_storage_offset1_cpu",short,False,1.428589,0.0,1467.988193
PyTorch,batchnorm,batchnorm_M1_N256_K3136_cpu_trainingTrue_cudnnFalse,short,False,461.052394,0.0,13.939032
PyTorch,batchnorm,batchnorm_M1_N256_K3136_cpu_trainingFalse_cudnnFalse,short,False,136.894229,0.0,46.945909
PyTorch,batchnorm,batchnorm_M1_N256_K3136_cpu_trainingTrue_cudnnFalse_bwdall_BACKWARD,short,True,148016.0905,0.0,0.043418
PyTorch,batchnorm,batchnorm_M1_N256_K3136_cpu_trainingTrue_cudnnFalse_bwd1_BACKWARD,short,True,146446.5985,0.0,0.043884
PyTorch,batchnorm,batchnorm_M1_N256_K3136_cpu_trainingFalse_cudnnFalse_bwdall_BACKWARD,short,True,135963.826,0.0,0.047267
PyTorch,batchnorm,batchnorm_M1_N256_K3136_cpu_trainingFalse_cudnnFalse_bwd1_BACKWARD,short,True,136332.027,0.0,0.04714
PyTorch,batchnorm,batchnorm_N3136_C256_cpu_trainingTrue_cudnnFalse,short,False,602.138241,0.0,10.673004
PyTorch,batchnorm,batchnorm_N3136_C256_cpu_trainingFalse_cudnnFalse,short,False,146.471344,0.0,43.876323
PyTorch,batchnorm,batchnorm_N3136_C256_cpu_trainingTrue_cudnnFalse_bwdall_BACKWARD,short,True,224658.455,0.0,0.028606
PyTorch,batchnorm,batchnorm_N3136_C256_cpu_trainingTrue_cudnnFalse_bwd1_BACKWARD,short,True,222765.954,0.0,0.028849
PyTorch,batchnorm,batchnorm_N3136_C256_cpu_trainingFalse_cudnnFalse_bwdall_BACKWARD,short,True,175415.583,0.0,0.036637
PyTorch,batchnorm,batchnorm_N3136_C256_cpu_trainingFalse_cudnnFalse_bwd1_BACKWARD,short,True,175252.712,0.0,0.036671
PyTorch,add_,add__M1_N1_K1_cpu_dtype_onetorch.int32_dtype_twotorch.int32,short,False,1.509187,0.0,0.007951
PyTorch,add_,add__M64_N64_K64_cpu_dtype_onetorch.int32_dtype_twotorch.int32,short,False,101.406071,0.0,31.021101
PyTorch,add_,add__M64_N64_K128_cpu_dtype_onetorch.int32_dtype_twotorch.int32,short,False,101.333924,0.0,62.086375
PyTorch,sub_,sub__M1_N1_K1_cpu_dtype_onetorch.int32_dtype_twotorch.int32,short,False,1.47402,0.0,0.008141
PyTorch,sub_,sub__M64_N64_K64_cpu_dtype_onetorch.int32_dtype_twotorch.int32,short,False,100.474838,0.0,31.308615
PyTorch,sub_,sub__M64_N64_K128_cpu_dtype_onetorch.int32_dtype_twotorch.int32,short,False,99.617606,0.0,63.156065
PyTorch,mul_,mul__M1_N1_K1_cpu_dtype_onetorch.int32_dtype_twotorch.int32,short,False,1.470435,0.0,0.008161
PyTorch,mul_,mul__M64_N64_K64_cpu_dtype_onetorch.int32_dtype_twotorch.int32,short,False,100.267553,0.0,31.37334
PyTorch,mul_,mul__M64_N64_K128_cpu_dtype_onetorch.int32_dtype_twotorch.int32,short,False,100.704956,0.0,62.474145
PyTorch,copy_,copy__M1_N1_K1_cpu_dtype_onetorch.int32_dtype_twotorch.int32,short,False,1.162272,0.0,0.010325
PyTorch,copy_,copy__M64_N64_K64_cpu_dtype_onetorch.int32_dtype_twotorch.int32,short,False,92.738064,0.0,33.92057
PyTorch,copy_,copy__M64_N64_K128_cpu_dtype_onetorch.int32_dtype_twotorch.int32,short,False,92.629458,0.0,67.920682
PyTorch,div_,div__M1_N1_K1_cpu_dtype_onetorch.float32_dtype_twotorch.float32,short,False,1.458858,0.0,0.008226
PyTorch,div_,div__M64_N64_K64_cpu_dtype_onetorch.float32_dtype_twotorch.float32,short,False,104.281082,0.0,30.165855
PyTorch,div_,div__M64_N64_K128_cpu_dtype_onetorch.float32_dtype_twotorch.float32,short,False,104.865045,0.0,59.99574
PyTorch,add,"add_in_one[64,1,64]_in_two[1,64,1]_cpu_dtypetorch.float32",short,False,95.565134,0.0,0.345565
PyTorch,add,"add_in_one[64,1,64]_in_two[1,64,1]_cpu_dtypetorch.bfloat16",short,False,102.299473,0.0,0.161408
PyTorch,add,"add_in_one[64,1,64]_in_two[1,64,1]_cpu_dtypetorch.float64",short,False,104.614063,0.0,0.631349
PyTorch,sub,"sub_in_one[64,1,64]_in_two[1,64,1]_cpu_dtypetorch.float32",short,False,96.406488,0.0,0.34255
PyTorch,sub,"sub_in_one[64,1,64]_in_two[1,64,1]_cpu_dtypetorch.bfloat16",short,False,103.721847,0.0,0.159195
PyTorch,sub,"sub_in_one[64,1,64]_in_two[1,64,1]_cpu_dtypetorch.float64",short,False,102.641501,0.0,0.643482
PyTorch,div,"div_in_one[64,1,64]_in_two[1,64,1]_cpu_dtypetorch.float32",short,False,103.709618,0.0,0.318428
PyTorch,div,"div_in_one[64,1,64]_in_two[1,64,1]_cpu_dtypetorch.bfloat16",short,False,103.972431,0.0,0.158811
PyTorch,div,"div_in_one[64,1,64]_in_two[1,64,1]_cpu_dtypetorch.float64",short,False,125.710532,0.0,0.525398
PyTorch,mul,"mul_in_one[64,1,64]_in_two[1,64,1]_cpu_dtypetorch.float32",short,False,96.801285,0.0,0.341152
PyTorch,mul,"mul_in_one[64,1,64]_in_two[1,64,1]_cpu_dtypetorch.bfloat16",short,False,100.633243,0.0,0.164081
PyTorch,mul,"mul_in_one[64,1,64]_in_two[1,64,1]_cpu_dtypetorch.float64",short,False,100.746878,0.0,0.655584
PyTorch,add,add_M1_N1_K1_cpu_dtype_onetorch.int32_dtype_twotorch.int32,short,False,1.486135,0.0,0.008075
PyTorch,add,add_M1_N1_K1_cpu_dtype_onetorch.int32_dtype_twotorch.uint8,short,False,2.423334,0.0,0.003714
PyTorch,add,add_M1_N1_K1_cpu_dtype_onetorch.uint8_dtype_twotorch.int32,short,False,2.423394,0.0,0.002476
PyTorch,add,add_M1_N1_K1_cpu_dtype_onetorch.uint8_dtype_twotorch.uint8,short,False,1.481272,0.0,0.002025
PyTorch,add,add_M64_N64_K64_cpu_dtype_onetorch.int32_dtype_twotorch.int32,short,False,101.670652,0.0,30.940374
PyTorch,add,add_M64_N64_K64_cpu_dtype_onetorch.int32_dtype_twotorch.uint8,short,False,191.844859,0.0,12.297937
PyTorch,add,add_M64_N64_K64_cpu_dtype_onetorch.uint8_dtype_twotorch.int32,short,False,191.78651,0.0,8.201119
PyTorch,add,add_M64_N64_K64_cpu_dtype_onetorch.uint8_dtype_twotorch.uint8,short,False,89.906294,0.0,8.747241
PyTorch,add,add_M64_N64_K128_cpu_dtype_onetorch.int32_dtype_twotorch.int32,short,False,100.512891,0.0,62.593523
PyTorch,add,add_M64_N64_K128_cpu_dtype_onetorch.int32_dtype_twotorch.uint8,short,False,192.461411,0.0,24.517081
PyTorch,add,add_M64_N64_K128_cpu_dtype_onetorch.uint8_dtype_twotorch.int32,short,False,192.45883,0.0,16.34494
PyTorch,add,add_M64_N64_K128_cpu_dtype_onetorch.uint8_dtype_twotorch.uint8,short,False,91.530667,0.0,17.184011
PyTorch,sub,sub_M1_N1_K1_cpu_dtype_onetorch.int32_dtype_twotorch.int32,short,False,1.500332,0.0,0.007998
PyTorch,sub,sub_M1_N1_K1_cpu_dtype_onetorch.int32_dtype_twotorch.uint8,short,False,2.459315,0.0,0.00366
PyTorch,sub,sub_M1_N1_K1_cpu_dtype_onetorch.uint8_dtype_twotorch.int32,short,False,2.451428,0.0,0.002448
PyTorch,sub,sub_M1_N1_K1_cpu_dtype_onetorch.uint8_dtype_twotorch.uint8,short,False,1.493852,0.0,0.002008
PyTorch,sub,sub_M64_N64_K64_cpu_dtype_onetorch.int32_dtype_twotorch.int32,short,False,102.60735,0.0,30.657921
PyTorch,sub,sub_M64_N64_K64_cpu_dtype_onetorch.int32_dtype_twotorch.uint8,short,False,192.31802,0.0,12.26768
PyTorch,sub,sub_M64_N64_K64_cpu_dtype_onetorch.uint8_dtype_twotorch.int32,short,False,192.250957,0.0,8.181306
PyTorch,sub,sub_M64_N64_K64_cpu_dtype_onetorch.uint8_dtype_twotorch.uint8,short,False,90.519091,0.0,8.688024
PyTorch,sub,sub_M64_N64_K128_cpu_dtype_onetorch.int32_dtype_twotorch.int32,short,False,102.437649,0.0,61.417419
PyTorch,sub,sub_M64_N64_K128_cpu_dtype_onetorch.int32_dtype_twotorch.uint8,short,False,192.65633,0.0,24.492276
PyTorch,sub,sub_M64_N64_K128_cpu_dtype_onetorch.uint8_dtype_twotorch.int32,short,False,192.385123,0.0,16.351202
PyTorch,sub,sub_M64_N64_K128_cpu_dtype_onetorch.uint8_dtype_twotorch.uint8,short,False,93.543684,0.0,16.814219
PyTorch,div,div_M1_N1_K1_cpu_dtype_onetorch.int32_dtype_twotorch.int32,short,False,3.103829,0.0,0.003866
PyTorch,div,div_M1_N1_K1_cpu_dtype_onetorch.int32_dtype_twotorch.uint8,short,False,3.156546,0.0,0.002851
PyTorch,div,div_M1_N1_K1_cpu_dtype_onetorch.uint8_dtype_twotorch.int32,short,False,3.165642,0.0,0.001895
PyTorch,div,div_M1_N1_K1_cpu_dtype_onetorch.uint8_dtype_twotorch.uint8,short,False,3.092751,0.0,0.00097
PyTorch,div,div_M64_N64_K64_cpu_dtype_onetorch.int32_dtype_twotorch.int32,short,False,288.37883,0.0,10.908318
PyTorch,div,div_M64_N64_K64_cpu_dtype_onetorch.int32_dtype_twotorch.uint8,short,False,286.527744,0.0,8.234093
PyTorch,div,div_M64_N64_K64_cpu_dtype_onetorch.uint8_dtype_twotorch.int32,short,False,284.22628,0.0,5.533844
PyTorch,div,div_M64_N64_K64_cpu_dtype_onetorch.uint8_dtype_twotorch.uint8,short,False,283.557747,0.0,2.773446
PyTorch,div,div_M64_N64_K128_cpu_dtype_onetorch.int32_dtype_twotorch.int32,short,False,287.16528,0.0,21.908832
PyTorch,div,div_M64_N64_K128_cpu_dtype_onetorch.int32_dtype_twotorch.uint8,short,False,286.186735,0.0,16.487808
PyTorch,div,div_M64_N64_K128_cpu_dtype_onetorch.uint8_dtype_twotorch.int32,short,False,286.0215,0.0,10.998222
PyTorch,div,div_M64_N64_K128_cpu_dtype_onetorch.uint8_dtype_twotorch.uint8,short,False,286.547058,0.0,5.489025
PyTorch,mul,mul_M1_N1_K1_cpu_dtype_onetorch.int32_dtype_twotorch.int32,short,False,1.476574,0.0,0.008127
PyTorch,mul,mul_M1_N1_K1_cpu_dtype_onetorch.int32_dtype_twotorch.uint8,short,False,2.395292,0.0,0.003757
PyTorch,mul,mul_M1_N1_K1_cpu_dtype_onetorch.uint8_dtype_twotorch.int32,short,False,2.404212,0.0,0.002496
PyTorch,mul,mul_M1_N1_K1_cpu_dtype_onetorch.uint8_dtype_twotorch.uint8,short,False,1.470872,0.0,0.00204
PyTorch,mul,mul_M64_N64_K64_cpu_dtype_onetorch.int32_dtype_twotorch.int32,short,False,98.926886,0.0,31.798514
PyTorch,mul,mul_M64_N64_K64_cpu_dtype_onetorch.int32_dtype_twotorch.uint8,short,False,191.417715,0.0,12.32538
PyTorch,mul,mul_M64_N64_K64_cpu_dtype_onetorch.uint8_dtype_twotorch.int32,short,False,192.176982,0.0,8.184456
PyTorch,mul,mul_M64_N64_K64_cpu_dtype_onetorch.uint8_dtype_twotorch.uint8,short,False,88.404789,0.0,8.895808
PyTorch,mul,mul_M64_N64_K128_cpu_dtype_onetorch.int32_dtype_twotorch.int32,short,False,100.285328,0.0,62.735558
PyTorch,mul,mul_M64_N64_K128_cpu_dtype_onetorch.int32_dtype_twotorch.uint8,short,False,192.543556,0.0,24.506621
PyTorch,mul,mul_M64_N64_K128_cpu_dtype_onetorch.uint8_dtype_twotorch.int32,short,False,191.787945,0.0,16.402115
PyTorch,mul,mul_M64_N64_K128_cpu_dtype_onetorch.uint8_dtype_twotorch.uint8,short,False,92.55551,0.0,16.993737
PyTorch,asr,asr_M1_N1_K1_cpu_dtype_onetorch.int32_dtype_twotorch.int32,short,False,1.576264,0.0,0.007613
PyTorch,asr,asr_M1_N1_K1_cpu_dtype_onetorch.int32_dtype_twotorch.uint8,short,False,2.534738,0.0,0.003551
PyTorch,asr,asr_M1_N1_K1_cpu_dtype_onetorch.uint8_dtype_twotorch.int32,short,False,2.522959,0.0,0.002378
PyTorch,asr,asr_M1_N1_K1_cpu_dtype_onetorch.uint8_dtype_twotorch.uint8,short,False,1.56774,0.0,0.001914
PyTorch,asr,asr_M64_N64_K64_cpu_dtype_onetorch.int32_dtype_twotorch.int32,short,False,101.55637,0.0,30.975191
PyTorch,asr,asr_M64_N64_K64_cpu_dtype_onetorch.int32_dtype_twotorch.uint8,short,False,193.079728,0.0,12.219284
PyTorch,asr,asr_M64_N64_K64_cpu_dtype_onetorch.uint8_dtype_twotorch.int32,short,False,193.715113,0.0,8.11947
PyTorch,asr,asr_M64_N64_K64_cpu_dtype_onetorch.uint8_dtype_twotorch.uint8,short,False,93.305719,0.0,8.428551
PyTorch,asr,asr_M64_N64_K128_cpu_dtype_onetorch.int32_dtype_twotorch.int32,short,False,101.125672,0.0,62.214232
PyTorch,asr,asr_M64_N64_K128_cpu_dtype_onetorch.int32_dtype_twotorch.uint8,short,False,194.154902,0.0,24.303234
PyTorch,asr,asr_M64_N64_K128_cpu_dtype_onetorch.uint8_dtype_twotorch.int32,short,False,194.94155,0.0,16.136775
PyTorch,asr,asr_M64_N64_K128_cpu_dtype_onetorch.uint8_dtype_twotorch.uint8,short,False,94.800384,0.0,16.591325
PyTorch,lsl,lsl_M1_N1_K1_cpu_dtype_onetorch.int32_dtype_twotorch.int32,short,False,1.574521,0.0,0.007621
PyTorch,lsl,lsl_M1_N1_K1_cpu_dtype_onetorch.int32_dtype_twotorch.uint8,short,False,2.534437,0.0,0.003551
PyTorch,lsl,lsl_M1_N1_K1_cpu_dtype_onetorch.uint8_dtype_twotorch.int32,short,False,2.537946,0.0,0.002364
PyTorch,lsl,lsl_M1_N1_K1_cpu_dtype_onetorch.uint8_dtype_twotorch.uint8,short,False,1.58499,0.0,0.001893
PyTorch,lsl,lsl_M64_N64_K64_cpu_dtype_onetorch.int32_dtype_twotorch.int32,short,False,100.505039,0.0,31.299207
PyTorch,lsl,lsl_M64_N64_K64_cpu_dtype_onetorch.int32_dtype_twotorch.uint8,short,False,192.826098,0.0,12.235356
PyTorch,lsl,lsl_M64_N64_K64_cpu_dtype_onetorch.uint8_dtype_twotorch.int32,short,False,194.022287,0.0,8.106615
PyTorch,lsl,lsl_M64_N64_K64_cpu_dtype_onetorch.uint8_dtype_twotorch.uint8,short,False,93.581551,0.0,8.403708
PyTorch,lsl,lsl_M64_N64_K128_cpu_dtype_onetorch.int32_dtype_twotorch.int32,short,False,100.528551,0.0,62.583773
PyTorch,lsl,lsl_M64_N64_K128_cpu_dtype_onetorch.int32_dtype_twotorch.uint8,short,False,193.454016,0.0,24.391285
PyTorch,lsl,lsl_M64_N64_K128_cpu_dtype_onetorch.uint8_dtype_twotorch.int32,short,False,194.045655,0.0,16.211278
PyTorch,lsl,lsl_M64_N64_K128_cpu_dtype_onetorch.uint8_dtype_twotorch.uint8,short,False,92.100106,0.0,17.077765
PyTorch,xor,xor_M1_N1_K1_cpu_dtype_onetorch.int32_dtype_twotorch.int32,short,False,1.599816,0.0,0.007501
PyTorch,xor,xor_M1_N1_K1_cpu_dtype_onetorch.int32_dtype_twotorch.uint8,short,False,2.520281,0.0,0.003571
PyTorch,xor,xor_M1_N1_K1_cpu_dtype_onetorch.uint8_dtype_twotorch.int32,short,False,2.537224,0.0,0.002365
PyTorch,xor,xor_M1_N1_K1_cpu_dtype_onetorch.uint8_dtype_twotorch.uint8,short,False,1.599611,0.0,0.001875
PyTorch,xor,xor_M64_N64_K64_cpu_dtype_onetorch.int32_dtype_twotorch.int32,short,False,101.463264,0.0,31.003615
PyTorch,xor,xor_M64_N64_K64_cpu_dtype_onetorch.int32_dtype_twotorch.uint8,short,False,193.660713,0.0,12.182626
PyTorch,xor,xor_M64_N64_K64_cpu_dtype_onetorch.uint8_dtype_twotorch.int32,short,False,191.76797,0.0,8.201912
PyTorch,xor,xor_M64_N64_K64_cpu_dtype_onetorch.uint8_dtype_twotorch.uint8,short,False,91.546337,0.0,8.590535
PyTorch,xor,xor_M64_N64_K128_cpu_dtype_onetorch.int32_dtype_twotorch.int32,short,False,100.692856,0.0,62.481652
PyTorch,xor,xor_M64_N64_K128_cpu_dtype_onetorch.int32_dtype_twotorch.uint8,short,False,192.90518,0.0,24.460681
PyTorch,xor,xor_M64_N64_K128_cpu_dtype_onetorch.uint8_dtype_twotorch.int32,short,False,196.780242,0.0,15.985995
PyTorch,xor,xor_M64_N64_K128_cpu_dtype_onetorch.uint8_dtype_twotorch.uint8,short,False,91.632426,0.0,17.164928
PyTorch,logical_and,"logical_and_in_one[64,1,64]_in_two[1,64,1]_cpu_dtypetorch.bool",short,False,122.312263,0.0,0.067499
PyTorch,logical_and,logical_and_M1_N1_K1_cpu_dtype_onetorch.bool_dtype_twotorch.bool,short,False,1.730715,0.0,0.001733
PyTorch,logical_and,logical_and_M64_N64_K64_cpu_dtype_onetorch.bool_dtype_twotorch.bool,short,False,93.188784,0.0,8.439127
PyTorch,logical_and,logical_and_M64_N64_K128_cpu_dtype_onetorch.bool_dtype_twotorch.bool,short,False,92.977016,0.0,16.916697
PyTorch,bmm,bmm_B2_M1_N8_K2_cpu_dtypetorch.float32,short,False,1.416688,0.0,0.146821
PyTorch,bmm,bmm_B2_M1_N8_K2_cpu_dtypetorch.bfloat16,short,False,1.41468,0.0,0.073515
PyTorch,bmm,bmm_B128_M64_N32_K64_cpu_dtypetorch.float32,short,False,335.477663,0.0,12.502484
PyTorch,bmm,bmm_B128_M64_N32_K64_cpu_dtypetorch.bfloat16,short,False,341.615227,0.0,6.13893
PyTorch,baddbmm,baddbmm_B2_M1_N8_K2_cpu_dtypetorch.float32,short,False,1.907932,0.0,0.117405
PyTorch,baddbmm,baddbmm_B2_M1_N8_K2_cpu_dtypetorch.bfloat16,short,False,1.908911,0.0,0.058672
PyTorch,baddbmm,baddbmm_B128_M64_N32_K64_cpu_dtypetorch.float32,short,False,461.788992,0.0,13.624093
PyTorch,baddbmm,baddbmm_B128_M64_N32_K64_cpu_dtypetorch.bfloat16,short,False,474.158564,0.0,6.634338
PyTorch,all,all_M1_N1_K1_cpu,short,False,1.738033,0.0,0.001151
PyTorch,all,all_M64_N64_K64_cpu,short,False,116.183196,0.0,4.512597
PyTorch,all,all_M64_N64_K128_cpu,short,False,114.681429,0.0,9.143381
PyTorch,cat,"cat_sizes(1,1,1)_N2_dim0_cpu",short,False,1.45774,0.0,0.010976
PyTorch,cat,"cat_sizes(512,512,2)_N2_dim1_cpu",short,False,191.298233,0.0,43.850943
PyTorch,cat,"cat_sizes(128,1024,2)_N2_dim1_cpu",short,False,183.127209,0.0,22.903773
PyTorch,channel_shuffle,channel_shuffle_batch_size2_channels_per_group16_height16_width16_groups2_channel_lastTrue,short,False,88.571657,0.0,1.479841
PyTorch,channel_shuffle,channel_shuffle_batch_size2_channels_per_group16_height16_width16_groups2_channel_lastFalse,short,False,92.48512,0.0,1.417223
PyTorch,channel_shuffle,channel_shuffle_batch_size2_channels_per_group32_height32_width32_groups2_channel_lastTrue,short,False,95.277877,0.0,11.005451
PyTorch,channel_shuffle,channel_shuffle_batch_size2_channels_per_group32_height32_width32_groups2_channel_lastFalse,short,False,93.296946,0.0,11.239125
PyTorch,channel_shuffle,channel_shuffle_batch_size4_channels_per_group32_height32_width32_groups4_channel_lastTrue,short,False,98.51739,0.0,42.57425
PyTorch,channel_shuffle,channel_shuffle_batch_size4_channels_per_group32_height32_width32_groups4_channel_lastFalse,short,False,99.080189,0.0,42.332418
PyTorch,channel_shuffle,channel_shuffle_batch_size4_channels_per_group64_height64_width64_groups4_channel_lastTrue,short,False,224.999695,0.0,149.131011
PyTorch,channel_shuffle,channel_shuffle_batch_size4_channels_per_group64_height64_width64_groups4_channel_lastFalse,short,False,234.376296,0.0,143.164785
PyTorch,channel_shuffle,channel_shuffle_batch_size8_channels_per_group64_height64_width64_groups8_channel_lastTrue,short,False,812.070799,0.0,165.278358
PyTorch,channel_shuffle,channel_shuffle_batch_size8_channels_per_group64_height64_width64_groups8_channel_lastFalse,short,False,743.86493,0.0,180.432929
PyTorch,channel_shuffle,channel_shuffle_batch_size16_channels_per_group64_height64_width64_groups16_channel_lastTrue,short,False,3823.5502,0.0,140.411629
PyTorch,channel_shuffle,channel_shuffle_batch_size16_channels_per_group64_height64_width64_groups16_channel_lastFalse,short,False,2797.586735,0.0,191.905011
PyTorch,chunk,chunk_M8_N8_chunks2_cpu,short,False,2.246856,0.0,0.227874
PyTorch,chunk,chunk_M256_N512_chunks2_cpu,short,False,2.263962,0.0,463.159742
PyTorch,chunk,chunk_M512_N512_chunks2_cpu,short,False,2.25767,0.0,928.900858
PyTorch,Conv1d,Conv1d_IC128_OC256_kernel3_stride1_N1_L64_cpu,short,False,250.68635,0.0,1.952528
PyTorch,Conv1d,Conv1d_IC256_OC256_kernel3_stride2_N4_L64_cpu,short,False,670.323879,0.0,1.753707
PyTorch,ConvTranspose1d,ConvTranspose1d_IC2016_OC1026_kernel1024_stride256_N1_L224_cpu,short,False,3200279.6435,0.0,2.722428
PyTorch,ConvTranspose1d,ConvTranspose1d_IC128_OC256_kernel3_stride1_N1_L64_cpu,short,False,279.84587,0.0,1.763714
PyTorch,ConvTranspose1d,ConvTranspose1d_IC256_OC256_kernel3_stride2_N4_L64_cpu,short,False,1360.864459,0.0,1.158793
PyTorch,Conv2d,Conv2d_IC256_OC256_kernel3_stride1_N1_H16_W16_G1_pad0_cpu,short,False,1257.370669,0.0,2.244481
PyTorch,ConvTranspose2d,ConvTranspose2d_IC256_OC256_kernel3_stride1_N1_H16_W16_G1_pad0_cpu,short,False,1518.744898,0.0,1.944511
PyTorch,Conv2dPointwise,Conv2dPointwise_IC256_OC256_stride1_N1_H16_W16_G1_pad0_cpu,short,False,728.703117,0.0,1.079221
PyTorch,Conv3d,Conv3d_IC64_OC64_kernel3_stride1_N8_D4_H16_W16_cpu_dtypetorch.float32,short,False,2441.683137,0.0,1.368866
PyTorch,ConvTranspose3d,ConvTranspose3d_IC64_OC64_kernel3_stride1_N8_D4_H16_W16_cpu_dtypetorch.float32,short,False,5677.766858,0.0,1.148485
PyTorch,diag,diag_dim1_M64_N64_diagonal0_outTrue_cpu,short,False,7.668584,0.0,4.306401
PyTorch,diag,diag_dim2_M128_N128_diagonal-10_outFalse_cpu,short,False,2.292963,0.0,57.162712
PyTorch,diag,diag_dim1_M256_N256_diagonal20_outTrue_cpu,short,False,188.98623,0.0,3.230034
PyTorch,embeddingbag,embeddingbag_embeddingbags10_dim64_modesum_input_size8_offset0_sparseTrue_include_last_offsetTrue_cpu,short,False,16.564664,0.0,0.008693
PyTorch,embeddingbag,embeddingbag_embeddingbags10_dim64_modesum_input_size8_offset0_sparseTrue_include_last_offsetFalse_cpu,short,False,109.954137,0.0,0.00131
PyTorch,embeddingbag,embeddingbag_embeddingbags10_dim64_modesum_input_size8_offset0_sparseFalse_include_last_offsetTrue_cpu,short,False,16.507611,0.0,0.008723
PyTorch,embeddingbag,embeddingbag_embeddingbags10_dim64_modesum_input_size8_offset0_sparseFalse_include_last_offsetFalse_cpu,short,False,106.977259,0.0,0.001346
PyTorch,embeddingbag,embeddingbag_embeddingbags10_dim64_modesum_input_size16_offset0_sparseTrue_include_last_offsetTrue_cpu,short,False,16.658569,0.0,0.016328
PyTorch,embeddingbag,embeddingbag_embeddingbags10_dim64_modesum_input_size16_offset0_sparseTrue_include_last_offsetFalse_cpu,short,False,102.331078,0.0,0.002658
PyTorch,embeddingbag,embeddingbag_embeddingbags10_dim64_modesum_input_size16_offset0_sparseFalse_include_last_offsetTrue_cpu,short,False,16.538304,0.0,0.016447
PyTorch,embeddingbag,embeddingbag_embeddingbags10_dim64_modesum_input_size16_offset0_sparseFalse_include_last_offsetFalse_cpu,short,False,104.642875,0.0,0.002599
PyTorch,embeddingbag,embeddingbag_embeddingbags10_dim64_modesum_input_size64_offset0_sparseTrue_include_last_offsetTrue_cpu,short,False,17.455646,0.0,0.05958
PyTorch,embeddingbag,embeddingbag_embeddingbags10_dim64_modesum_input_size64_offset0_sparseTrue_include_last_offsetFalse_cpu,short,False,126.311417,0.0,0.008234
PyTorch,embeddingbag,embeddingbag_embeddingbags10_dim64_modesum_input_size64_offset0_sparseFalse_include_last_offsetTrue_cpu,short,False,17.429198,0.0,0.05967
PyTorch,embeddingbag,embeddingbag_embeddingbags10_dim64_modesum_input_size64_offset0_sparseFalse_include_last_offsetFalse_cpu,short,False,123.408417,0.0,0.008427
PyTorch,embeddingbag,embeddingbag_embeddingbags120_dim64_modesum_input_size8_offset0_sparseTrue_include_last_offsetTrue_cpu,short,False,16.44601,0.0,0.008756
PyTorch,embeddingbag,embeddingbag_embeddingbags120_dim64_modesum_input_size8_offset0_sparseTrue_include_last_offsetFalse_cpu,short,False,105.687634,0.0,0.001363
PyTorch,embeddingbag,embeddingbag_embeddingbags120_dim64_modesum_input_size8_offset0_sparseFalse_include_last_offsetTrue_cpu,short,False,16.519956,0.0,0.008717
PyTorch,embeddingbag,embeddingbag_embeddingbags120_dim64_modesum_input_size8_offset0_sparseFalse_include_last_offsetFalse_cpu,short,False,105.159042,0.0,0.001369
PyTorch,embeddingbag,embeddingbag_embeddingbags120_dim64_modesum_input_size16_offset0_sparseTrue_include_last_offsetTrue_cpu,short,False,16.613176,0.0,0.016373
PyTorch,embeddingbag,embeddingbag_embeddingbags120_dim64_modesum_input_size16_offset0_sparseTrue_include_last_offsetFalse_cpu,short,False,99.694209,0.0,0.002728
PyTorch,embeddingbag,embeddingbag_embeddingbags120_dim64_modesum_input_size16_offset0_sparseFalse_include_last_offsetTrue_cpu,short,False,16.610373,0.0,0.016375
PyTorch,embeddingbag,embeddingbag_embeddingbags120_dim64_modesum_input_size16_offset0_sparseFalse_include_last_offsetFalse_cpu,short,False,100.155188,0.0,0.002716
PyTorch,embeddingbag,embeddingbag_embeddingbags120_dim64_modesum_input_size64_offset0_sparseTrue_include_last_offsetTrue_cpu,short,False,17.584567,0.0,0.059143
PyTorch,embeddingbag,embeddingbag_embeddingbags120_dim64_modesum_input_size64_offset0_sparseTrue_include_last_offsetFalse_cpu,short,False,124.666208,0.0,0.008342
PyTorch,embeddingbag,embeddingbag_embeddingbags120_dim64_modesum_input_size64_offset0_sparseFalse_include_last_offsetTrue_cpu,short,False,17.582505,0.0,0.05915
PyTorch,embeddingbag,embeddingbag_embeddingbags120_dim64_modesum_input_size64_offset0_sparseFalse_include_last_offsetFalse_cpu,short,False,128.74262,0.0,0.008078
PyTorch,embeddingbag,embeddingbag_embeddingbags1000_dim64_modesum_input_size8_offset0_sparseTrue_include_last_offsetTrue_cpu,short,False,16.475577,0.0,0.00874
PyTorch,embeddingbag,embeddingbag_embeddingbags1000_dim64_modesum_input_size8_offset0_sparseTrue_include_last_offsetFalse_cpu,short,False,103.276378,0.0,0.001394
PyTorch,embeddingbag,embeddingbag_embeddingbags1000_dim64_modesum_input_size8_offset0_sparseFalse_include_last_offsetTrue_cpu,short,False,16.508188,0.0,0.008723
PyTorch,embeddingbag,embeddingbag_embeddingbags1000_dim64_modesum_input_size8_offset0_sparseFalse_include_last_offsetFalse_cpu,short,False,104.788449,0.0,0.001374
PyTorch,embeddingbag,embeddingbag_embeddingbags1000_dim64_modesum_input_size16_offset0_sparseTrue_include_last_offsetTrue_cpu,short,False,16.658227,0.0,0.016328
PyTorch,embeddingbag,embeddingbag_embeddingbags1000_dim64_modesum_input_size16_offset0_sparseTrue_include_last_offsetFalse_cpu,short,False,102.852323,0.0,0.002645
PyTorch,embeddingbag,embeddingbag_embeddingbags1000_dim64_modesum_input_size16_offset0_sparseFalse_include_last_offsetTrue_cpu,short,False,16.547686,0.0,0.016437
PyTorch,embeddingbag,embeddingbag_embeddingbags1000_dim64_modesum_input_size16_offset0_sparseFalse_include_last_offsetFalse_cpu,short,False,104.302212,0.0,0.002608
PyTorch,embeddingbag,embeddingbag_embeddingbags1000_dim64_modesum_input_size64_offset0_sparseTrue_include_last_offsetTrue_cpu,short,False,17.654449,0.0,0.058909
PyTorch,embeddingbag,embeddingbag_embeddingbags1000_dim64_modesum_input_size64_offset0_sparseTrue_include_last_offsetFalse_cpu,short,False,133.297622,0.0,0.007802
PyTorch,embeddingbag,embeddingbag_embeddingbags1000_dim64_modesum_input_size64_offset0_sparseFalse_include_last_offsetTrue_cpu,short,False,17.83585,0.0,0.05831
PyTorch,embeddingbag,embeddingbag_embeddingbags1000_dim64_modesum_input_size64_offset0_sparseFalse_include_last_offsetFalse_cpu,short,False,127.407182,0.0,0.008163
PyTorch,embeddingbag,embeddingbag_embeddingbags2300_dim64_modesum_input_size8_offset0_sparseTrue_include_last_offsetTrue_cpu,short,False,16.55798,0.0,0.008697
PyTorch,embeddingbag,embeddingbag_embeddingbags2300_dim64_modesum_input_size8_offset0_sparseTrue_include_last_offsetFalse_cpu,short,False,104.064723,0.0,0.001384
PyTorch,embeddingbag,embeddingbag_embeddingbags2300_dim64_modesum_input_size8_offset0_sparseFalse_include_last_offsetTrue_cpu,short,False,16.495108,0.0,0.00873
PyTorch,embeddingbag,embeddingbag_embeddingbags2300_dim64_modesum_input_size8_offset0_sparseFalse_include_last_offsetFalse_cpu,short,False,105.940638,0.0,0.001359
PyTorch,embeddingbag,embeddingbag_embeddingbags2300_dim64_modesum_input_size16_offset0_sparseTrue_include_last_offsetTrue_cpu,short,False,16.618967,0.0,0.016367
PyTorch,embeddingbag,embeddingbag_embeddingbags2300_dim64_modesum_input_size16_offset0_sparseTrue_include_last_offsetFalse_cpu,short,False,104.356941,0.0,0.002606
PyTorch,embeddingbag,embeddingbag_embeddingbags2300_dim64_modesum_input_size16_offset0_sparseFalse_include_last_offsetTrue_cpu,short,False,16.575983,0.0,0.016409
PyTorch,embeddingbag,embeddingbag_embeddingbags2300_dim64_modesum_input_size16_offset0_sparseFalse_include_last_offsetFalse_cpu,short,False,102.377988,0.0,0.002657
PyTorch,embeddingbag,embeddingbag_embeddingbags2300_dim64_modesum_input_size64_offset0_sparseTrue_include_last_offsetTrue_cpu,short,False,17.682365,0.0,0.058816
PyTorch,embeddingbag,embeddingbag_embeddingbags2300_dim64_modesum_input_size64_offset0_sparseTrue_include_last_offsetFalse_cpu,short,False,123.304027,0.0,0.008434
PyTorch,embeddingbag,embeddingbag_embeddingbags2300_dim64_modesum_input_size64_offset0_sparseFalse_include_last_offsetTrue_cpu,short,False,17.615309,0.0,0.05904
PyTorch,embeddingbag,embeddingbag_embeddingbags2300_dim64_modesum_input_size64_offset0_sparseFalse_include_last_offsetFalse_cpu,short,False,123.274522,0.0,0.008436
PyTorch,embeddingbag,embeddingbag_embeddingbags10_dim64_modesum_input_size8_offset0_sparseTrue_include_last_offsetTrue_cpu_BACKWARD,short,True,8812.114,0.0,1.6e-05
PyTorch,embeddingbag,embeddingbag_embeddingbags10_dim64_modesum_input_size8_offset0_sparseTrue_include_last_offsetFalse_cpu_BACKWARD,short,True,8884.12025,0.0,1.6e-05
PyTorch,embeddingbag,embeddingbag_embeddingbags10_dim64_modesum_input_size8_offset0_sparseFalse_include_last_offsetTrue_cpu_BACKWARD,short,True,8065.6685,0.0,1.8e-05
PyTorch,embeddingbag,embeddingbag_embeddingbags10_dim64_modesum_input_size8_offset0_sparseFalse_include_last_offsetFalse_cpu_BACKWARD,short,True,8040.3445,0.0,1.8e-05
PyTorch,embeddingbag,embeddingbag_embeddingbags10_dim64_modesum_input_size16_offset0_sparseTrue_include_last_offsetTrue_cpu_BACKWARD,short,True,9061.12875,0.0,3e-05
PyTorch,embeddingbag,embeddingbag_embeddingbags10_dim64_modesum_input_size16_offset0_sparseTrue_include_last_offsetFalse_cpu_BACKWARD,short,True,9139.54225,0.0,3e-05
PyTorch,embeddingbag,embeddingbag_embeddingbags10_dim64_modesum_input_size16_offset0_sparseFalse_include_last_offsetTrue_cpu_BACKWARD,short,True,8166.2255,0.0,3.3e-05
PyTorch,embeddingbag,embeddingbag_embeddingbags10_dim64_modesum_input_size16_offset0_sparseFalse_include_last_offsetFalse_cpu_BACKWARD,short,True,8148.3805,0.0,3.3e-05
PyTorch,embeddingbag,embeddingbag_embeddingbags10_dim64_modesum_input_size64_offset0_sparseTrue_include_last_offsetTrue_cpu_BACKWARD,short,True,9885.30375,0.0,0.000105
PyTorch,embeddingbag,embeddingbag_embeddingbags10_dim64_modesum_input_size64_offset0_sparseTrue_include_last_offsetFalse_cpu_BACKWARD,short,True,9873.26725,0.0,0.000105
PyTorch,embeddingbag,embeddingbag_embeddingbags10_dim64_modesum_input_size64_offset0_sparseFalse_include_last_offsetTrue_cpu_BACKWARD,short,True,8651.78525,0.0,0.00012
PyTorch,embeddingbag,embeddingbag_embeddingbags10_dim64_modesum_input_size64_offset0_sparseFalse_include_last_offsetFalse_cpu_BACKWARD,short,True,8608.42825,0.0,0.000121
PyTorch,embeddingbag,embeddingbag_embeddingbags120_dim64_modesum_input_size8_offset0_sparseTrue_include_last_offsetTrue_cpu_BACKWARD,short,True,8843.296,0.0,1.6e-05
PyTorch,embeddingbag,embeddingbag_embeddingbags120_dim64_modesum_input_size8_offset0_sparseTrue_include_last_offsetFalse_cpu_BACKWARD,short,True,8850.27275,0.0,1.6e-05
PyTorch,embeddingbag,embeddingbag_embeddingbags120_dim64_modesum_input_size8_offset0_sparseFalse_include_last_offsetTrue_cpu_BACKWARD,short,True,8379.941,0.0,1.7e-05
PyTorch,embeddingbag,embeddingbag_embeddingbags120_dim64_modesum_input_size8_offset0_sparseFalse_include_last_offsetFalse_cpu_BACKWARD,short,True,8380.61275,0.0,1.7e-05
PyTorch,embeddingbag,embeddingbag_embeddingbags120_dim64_modesum_input_size16_offset0_sparseTrue_include_last_offsetTrue_cpu_BACKWARD,short,True,9136.095,0.0,3e-05
PyTorch,embeddingbag,embeddingbag_embeddingbags120_dim64_modesum_input_size16_offset0_sparseTrue_include_last_offsetFalse_cpu_BACKWARD,short,True,8934.9035,0.0,3e-05
PyTorch,embeddingbag,embeddingbag_embeddingbags120_dim64_modesum_input_size16_offset0_sparseFalse_include_last_offsetTrue_cpu_BACKWARD,short,True,8451.54975,0.0,3.2e-05
PyTorch,embeddingbag,embeddingbag_embeddingbags120_dim64_modesum_input_size16_offset0_sparseFalse_include_last_offsetFalse_cpu_BACKWARD,short,True,8522.8205,0.0,3.2e-05
PyTorch,embeddingbag,embeddingbag_embeddingbags120_dim64_modesum_input_size64_offset0_sparseTrue_include_last_offsetTrue_cpu_BACKWARD,short,True,9760.34175,0.0,0.000107
PyTorch,embeddingbag,embeddingbag_embeddingbags120_dim64_modesum_input_size64_offset0_sparseTrue_include_last_offsetFalse_cpu_BACKWARD,short,True,9803.851,0.0,0.000106
PyTorch,embeddingbag,embeddingbag_embeddingbags120_dim64_modesum_input_size64_offset0_sparseFalse_include_last_offsetTrue_cpu_BACKWARD,short,True,9084.74025,0.0,0.000114
PyTorch,embeddingbag,embeddingbag_embeddingbags120_dim64_modesum_input_size64_offset0_sparseFalse_include_last_offsetFalse_cpu_BACKWARD,short,True,9030.403,0.0,0.000115
PyTorch,embeddingbag,embeddingbag_embeddingbags1000_dim64_modesum_input_size8_offset0_sparseTrue_include_last_offsetTrue_cpu_BACKWARD,short,True,8757.32,0.0,1.6e-05
PyTorch,embeddingbag,embeddingbag_embeddingbags1000_dim64_modesum_input_size8_offset0_sparseTrue_include_last_offsetFalse_cpu_BACKWARD,short,True,8859.04725,0.0,1.6e-05
PyTorch,embeddingbag,embeddingbag_embeddingbags1000_dim64_modesum_input_size8_offset0_sparseFalse_include_last_offsetTrue_cpu_BACKWARD,short,True,12576.0075,0.0,1.1e-05
PyTorch,embeddingbag,embeddingbag_embeddingbags1000_dim64_modesum_input_size8_offset0_sparseFalse_include_last_offsetFalse_cpu_BACKWARD,short,True,12721.828,0.0,1.1e-05
PyTorch,embeddingbag,embeddingbag_embeddingbags1000_dim64_modesum_input_size16_offset0_sparseTrue_include_last_offsetTrue_cpu_BACKWARD,short,True,9017.7375,0.0,3e-05
PyTorch,embeddingbag,embeddingbag_embeddingbags1000_dim64_modesum_input_size16_offset0_sparseTrue_include_last_offsetFalse_cpu_BACKWARD,short,True,9120.77275,0.0,3e-05
PyTorch,embeddingbag,embeddingbag_embeddingbags1000_dim64_modesum_input_size16_offset0_sparseFalse_include_last_offsetTrue_cpu_BACKWARD,short,True,12688.581,0.0,2.1e-05
PyTorch,embeddingbag,embeddingbag_embeddingbags1000_dim64_modesum_input_size16_offset0_sparseFalse_include_last_offsetFalse_cpu_BACKWARD,short,True,12804.7495,0.0,2.1e-05
PyTorch,embeddingbag,embeddingbag_embeddingbags1000_dim64_modesum_input_size64_offset0_sparseTrue_include_last_offsetTrue_cpu_BACKWARD,short,True,9659.381,0.0,0.000108
PyTorch,embeddingbag,embeddingbag_embeddingbags1000_dim64_modesum_input_size64_offset0_sparseTrue_include_last_offsetFalse_cpu_BACKWARD,short,True,9832.4475,0.0,0.000106
PyTorch,embeddingbag,embeddingbag_embeddingbags1000_dim64_modesum_input_size64_offset0_sparseFalse_include_last_offsetTrue_cpu_BACKWARD,short,True,13490.425,0.0,7.7e-05
PyTorch,embeddingbag,embeddingbag_embeddingbags1000_dim64_modesum_input_size64_offset0_sparseFalse_include_last_offsetFalse_cpu_BACKWARD,short,True,13416.922,0.0,7.8e-05
PyTorch,embeddingbag,embeddingbag_embeddingbags2300_dim64_modesum_input_size8_offset0_sparseTrue_include_last_offsetTrue_cpu_BACKWARD,short,True,8882.956,0.0,1.6e-05
PyTorch,embeddingbag,embeddingbag_embeddingbags2300_dim64_modesum_input_size8_offset0_sparseTrue_include_last_offsetFalse_cpu_BACKWARD,short,True,8930.21575,0.0,1.6e-05
PyTorch,embeddingbag,embeddingbag_embeddingbags2300_dim64_modesum_input_size8_offset0_sparseFalse_include_last_offsetTrue_cpu_BACKWARD,short,True,12090.2685,0.0,1.2e-05
PyTorch,embeddingbag,embeddingbag_embeddingbags2300_dim64_modesum_input_size8_offset0_sparseFalse_include_last_offsetFalse_cpu_BACKWARD,short,True,12012.0095,0.0,1.2e-05
PyTorch,embeddingbag,embeddingbag_embeddingbags2300_dim64_modesum_input_size16_offset0_sparseTrue_include_last_offsetTrue_cpu_BACKWARD,short,True,9075.84675,0.0,3e-05
PyTorch,embeddingbag,embeddingbag_embeddingbags2300_dim64_modesum_input_size16_offset0_sparseTrue_include_last_offsetFalse_cpu_BACKWARD,short,True,9049.32775,0.0,3e-05
PyTorch,embeddingbag,embeddingbag_embeddingbags2300_dim64_modesum_input_size16_offset0_sparseFalse_include_last_offsetTrue_cpu_BACKWARD,short,True,12112.301,0.0,2.2e-05
PyTorch,embeddingbag,embeddingbag_embeddingbags2300_dim64_modesum_input_size16_offset0_sparseFalse_include_last_offsetFalse_cpu_BACKWARD,short,True,12052.756,0.0,2.3e-05
PyTorch,embeddingbag,embeddingbag_embeddingbags2300_dim64_modesum_input_size64_offset0_sparseTrue_include_last_offsetTrue_cpu_BACKWARD,short,True,9858.026,0.0,0.000105
PyTorch,embeddingbag,embeddingbag_embeddingbags2300_dim64_modesum_input_size64_offset0_sparseTrue_include_last_offsetFalse_cpu_BACKWARD,short,True,9869.38225,0.0,0.000105
PyTorch,embeddingbag,embeddingbag_embeddingbags2300_dim64_modesum_input_size64_offset0_sparseFalse_include_last_offsetTrue_cpu_BACKWARD,short,True,12288.6375,0.0,8.5e-05
PyTorch,embeddingbag,embeddingbag_embeddingbags2300_dim64_modesum_input_size64_offset0_sparseFalse_include_last_offsetFalse_cpu_BACKWARD,short,True,12534.1085,0.0,8.3e-05
PyTorch,embedding,embedding_num_embeddings10_embedding_dim64_input_size8_cpu,short,False,9.907158,0.0,0.01292
PyTorch,embedding,embedding_num_embeddings10_embedding_dim64_input_size16_cpu,short,False,9.990868,0.0,0.025623
PyTorch,embedding,embedding_num_embeddings10_embedding_dim64_input_size64_cpu,short,False,10.523395,0.0,0.097307
PyTorch,embedding,embedding_num_embeddings120_embedding_dim64_input_size8_cpu,short,False,9.798862,0.0,0.013063
PyTorch,embedding,embedding_num_embeddings120_embedding_dim64_input_size16_cpu,short,False,10.15563,0.0,0.025208
PyTorch,embedding,embedding_num_embeddings120_embedding_dim64_input_size64_cpu,short,False,10.593022,0.0,0.096667
PyTorch,embedding,embedding_num_embeddings1000_embedding_dim64_input_size8_cpu,short,False,9.888112,0.0,0.012945
PyTorch,embedding,embedding_num_embeddings1000_embedding_dim64_input_size16_cpu,short,False,9.957419,0.0,0.025709
PyTorch,embedding,embedding_num_embeddings1000_embedding_dim64_input_size64_cpu,short,False,10.562031,0.0,0.096951
PyTorch,embedding,embedding_num_embeddings2300_embedding_dim64_input_size8_cpu,short,False,9.83445,0.0,0.013015
PyTorch,embedding,embedding_num_embeddings2300_embedding_dim64_input_size16_cpu,short,False,9.929697,0.0,0.025781
PyTorch,embedding,embedding_num_embeddings2300_embedding_dim64_input_size64_cpu,short,False,10.532323,0.0,0.097225
PyTorch,embedding,embedding_num_embeddings10_embedding_dim64_input_size8_cpu_BACKWARD,short,True,5644.683425,0.0,2.3e-05
PyTorch,embedding,embedding_num_embeddings10_embedding_dim64_input_size16_cpu_BACKWARD,short,True,6019.612625,0.0,4.3e-05
PyTorch,embedding,embedding_num_embeddings10_embedding_dim64_input_size64_cpu_BACKWARD,short,True,7125.6715,0.0,0.000144
PyTorch,embedding,embedding_num_embeddings120_embedding_dim64_input_size8_cpu_BACKWARD,short,True,6164.135775,0.0,2.1e-05
PyTorch,embedding,embedding_num_embeddings120_embedding_dim64_input_size16_cpu_BACKWARD,short,True,6425.709475,0.0,4e-05
PyTorch,embedding,embedding_num_embeddings120_embedding_dim64_input_size64_cpu_BACKWARD,short,True,7278.342075,0.0,0.000141
PyTorch,embedding,embedding_num_embeddings1000_embedding_dim64_input_size8_cpu_BACKWARD,short,True,10213.19375,0.0,1.3e-05
PyTorch,embedding,embedding_num_embeddings1000_embedding_dim64_input_size16_cpu_BACKWARD,short,True,10633.2635,0.0,2.4e-05
PyTorch,embedding,embedding_num_embeddings1000_embedding_dim64_input_size64_cpu_BACKWARD,short,True,11638.49825,0.0,8.8e-05
PyTorch,embedding,embedding_num_embeddings2300_embedding_dim64_input_size8_cpu_BACKWARD,short,True,10177.641,0.0,1.3e-05
PyTorch,embedding,embedding_num_embeddings2300_embedding_dim64_input_size16_cpu_BACKWARD,short,True,10582.436,0.0,2.4e-05
PyTorch,embedding,embedding_num_embeddings2300_embedding_dim64_input_size64_cpu_BACKWARD,short,True,11151.0595,0.0,9.2e-05
PyTorch,fill_,fill__N1_cpu_dtypetorch.int32,short,False,1.145453,0.0,0.006984
PyTorch,fill_,fill__N1024_cpu_dtypetorch.int32,short,False,1.400347,0.0,5.849977
PyTorch,fill_,fill__N2048_cpu_dtypetorch.int32,short,False,1.496187,0.0,10.9505
PyTorch,gather,gather_M256_N512_dim0_cpu,short,False,157.289821,0.0,13.333043
PyTorch,gather,gather_M512_N512_dim1_cpu,short,False,122.709782,0.0,34.180682
PyTorch,GroupNormBenchmark,"GroupNormBenchmark_dims(32,8,16)_num_groups2",short,False,101.24491,0.0,0.324283
PyTorch,GroupNormBenchmark,"GroupNormBenchmark_dims(32,8,16)_num_groups4",short,False,100.347354,0.0,0.327184
PyTorch,GroupNormBenchmark,"GroupNormBenchmark_dims(32,8,56,56)_num_groups2",short,False,128.81395,0.0,49.859445
PyTorch,GroupNormBenchmark,"GroupNormBenchmark_dims(32,8,56,56)_num_groups4",short,False,130.265016,0.0,49.304043
PyTorch,Hardsigmoid,Hardsigmoid_N1_C3_H256_W256_cpu,short,False,106.844347,0.0,14.721078
PyTorch,Hardsigmoid,Hardsigmoid_N4_C3_H256_W256_cpu,short,False,111.735707,0.0,56.306584
PyTorch,Hardswish,Hardswish_N1_C3_H256_W256_cpu,short,False,107.323881,0.0,14.655303
PyTorch,Hardswish,Hardswish_N4_C3_H256_W256_cpu,short,False,111.874329,0.0,56.236815
PyTorch,index_add_,index_add__M8_N32_K1_dim0_cpu_dtypetorch.float32,short,False,651.404828,0.0,0.003979
PyTorch,index_add_,index_add__M256_N512_K1_dim1_cpu_dtypetorch.float32,short,False,149.558648,0.0,8.908719
PyTorch,index_add_,index_add__M512_N512_K1_dim2_cpu_dtypetorch.float32,short,False,172.47029,0.0,18.239292
PyTorch,index_select,index_select_M8_N8_K1_dim1_cpu,short,False,1.54054,0.0,0.34793
PyTorch,index_select,index_select_M256_N512_K1_dim1_cpu,short,False,66.510579,0.0,15.81595
PyTorch,index_select,index_select_M512_N512_K1_dim1_cpu,short,False,134.466218,0.0,15.621054
PyTorch,index_select,index_select_M8_N8_K2_dim1_cpu,short,False,1.573234,0.0,0.666144
PyTorch,index_select,index_select_M256_N512_K2_dim1_cpu,short,False,207.56804,0.0,10.119593
PyTorch,index_select,index_select_M512_N512_K2_dim1_cpu,short,False,445.127907,0.0,9.430224
PyTorch,InstanceNormBenchmark,"InstanceNormBenchmark_dims(32,8,16)",short,False,296.354041,0.0,0.110786
PyTorch,InstanceNormBenchmark,"InstanceNormBenchmark_dims(32,8,56,56)",short,False,477.494716,0.0,13.450603
PyTorch,interpolate,"interpolate_input_size(1,3,60,40)_output_size(24,24)_channels_lastTrue_modenearest",short,False,6.429364,0.0,8.958895
PyTorch,interpolate,"interpolate_input_size(1,3,60,40)_output_size(24,24)_channels_lastTrue_modelinear",short,False,8.808001,0.0,6.539509
PyTorch,interpolate,"interpolate_input_size(1,3,60,40)_output_size(24,24)_channels_lastTrue_modebicubic",short,False,39.803378,0.0,1.447113
PyTorch,interpolate,"interpolate_input_size(1,3,60,40)_output_size(24,24)_channels_lastFalse_modenearest",short,False,16.254438,0.0,3.543648
PyTorch,interpolate,"interpolate_input_size(1,3,60,40)_output_size(24,24)_channels_lastFalse_modelinear",short,False,19.355253,0.0,2.975936
PyTorch,interpolate,"interpolate_input_size(1,3,60,40)_output_size(24,24)_channels_lastFalse_modebicubic",short,False,28.466433,0.0,2.023436
PyTorch,interpolate,"interpolate_input_size(1,3,600,400)_output_size(240,240)_channels_lastTrue_modenearest",short,False,169.476919,0.0,33.986929
PyTorch,interpolate,"interpolate_input_size(1,3,600,400)_output_size(240,240)_channels_lastTrue_modelinear",short,False,246.768795,0.0,23.341687
PyTorch,interpolate,"interpolate_input_size(1,3,600,400)_output_size(240,240)_channels_lastTrue_modebicubic",short,False,541.178029,0.0,10.643448
PyTorch,interpolate,"interpolate_input_size(1,3,600,400)_output_size(240,240)_channels_lastFalse_modenearest",short,False,125.291823,0.0,45.972673
PyTorch,interpolate,"interpolate_input_size(1,3,600,400)_output_size(240,240)_channels_lastFalse_modelinear",short,False,151.912075,0.0,37.91667
PyTorch,interpolate,"interpolate_input_size(1,3,600,400)_output_size(240,240)_channels_lastFalse_modebicubic",short,False,347.367843,0.0,16.581846
PyTorch,interpolate,"interpolate_input_size(1,3,320,320)_output_size(256,256)_channels_lastTrue_modenearest",short,False,178.121103,0.0,13.797355
PyTorch,interpolate,"interpolate_input_size(1,3,320,320)_output_size(256,256)_channels_lastTrue_modelinear",short,False,264.885072,0.0,9.277986
PyTorch,interpolate,"interpolate_input_size(1,3,320,320)_output_size(256,256)_channels_lastTrue_modebicubic",short,False,600.95335,0.0,4.089502
PyTorch,interpolate,"interpolate_input_size(1,3,320,320)_output_size(256,256)_channels_lastFalse_modenearest",short,False,127.383109,0.0,19.292982
PyTorch,interpolate,"interpolate_input_size(1,3,320,320)_output_size(256,256)_channels_lastFalse_modelinear",short,False,156.830867,0.0,15.670385
PyTorch,interpolate,"interpolate_input_size(1,3,320,320)_output_size(256,256)_channels_lastFalse_modebicubic",short,False,378.347084,0.0,6.495623
PyTorch,interpolate,"interpolate_input_size(1,1,60,40)_output_size(24,24)_channels_lastTrue_modenearest",short,False,6.029287,0.0,3.184456
PyTorch,interpolate,"interpolate_input_size(1,1,60,40)_output_size(24,24)_channels_lastTrue_modelinear",short,False,8.551647,0.0,2.245182
PyTorch,interpolate,"interpolate_input_size(1,1,60,40)_output_size(24,24)_channels_lastTrue_modebicubic",short,False,19.348021,0.0,0.99235
PyTorch,interpolate,"interpolate_input_size(1,1,60,40)_output_size(24,24)_channels_lastFalse_modenearest",short,False,6.008546,0.0,3.195448
PyTorch,interpolate,"interpolate_input_size(1,1,60,40)_output_size(24,24)_channels_lastFalse_modelinear",short,False,8.643012,0.0,2.221448
PyTorch,interpolate,"interpolate_input_size(1,1,60,40)_output_size(24,24)_channels_lastFalse_modebicubic",short,False,19.362727,0.0,0.991596
PyTorch,interpolate,"interpolate_input_size(1,1,600,400)_output_size(240,240)_channels_lastTrue_modenearest",short,False,125.720079,0.0,15.272024
PyTorch,interpolate,"interpolate_input_size(1,1,600,400)_output_size(240,240)_channels_lastTrue_modelinear",short,False,154.531304,0.0,12.424667
PyTorch,interpolate,"interpolate_input_size(1,1,600,400)_output_size(240,240)_channels_lastTrue_modebicubic",short,False,339.239159,0.0,5.659724
PyTorch,interpolate,"interpolate_input_size(1,1,600,400)_output_size(240,240)_channels_lastFalse_modenearest",short,False,124.600564,0.0,15.40924
PyTorch,interpolate,"interpolate_input_size(1,1,600,400)_output_size(240,240)_channels_lastFalse_modelinear",short,False,152.444892,0.0,12.594715
PyTorch,interpolate,"interpolate_input_size(1,1,600,400)_output_size(240,240)_channels_lastFalse_modebicubic",short,False,351.35529,0.0,5.464554
PyTorch,interpolate,"interpolate_input_size(1,1,320,320)_output_size(256,256)_channels_lastTrue_modenearest",short,False,124.948749,0.0,6.556288
PyTorch,interpolate,"interpolate_input_size(1,1,320,320)_output_size(256,256)_channels_lastTrue_modelinear",short,False,160.519599,0.0,5.103427
PyTorch,interpolate,"interpolate_input_size(1,1,320,320)_output_size(256,256)_channels_lastTrue_modebicubic",short,False,383.116507,0.0,2.138253
PyTorch,interpolate,"interpolate_input_size(1,1,320,320)_output_size(256,256)_channels_lastFalse_modenearest",short,False,126.24024,0.0,6.489215
PyTorch,interpolate,"interpolate_input_size(1,1,320,320)_output_size(256,256)_channels_lastFalse_modelinear",short,False,160.98453,0.0,5.088688
PyTorch,interpolate,"interpolate_input_size(1,1,320,320)_output_size(256,256)_channels_lastFalse_modebicubic",short,False,383.680471,0.0,2.13511
PyTorch,interpolate,"interpolate_input_size(1,3,60,40)_output_size(24,24)_channels_lastTrue_modenearest_dtypetorch.uint8",short,False,6.844849,0.0,2.103772
PyTorch,interpolate,"interpolate_input_size(1,3,60,40)_output_size(24,24)_channels_lastFalse_modenearest_dtypetorch.uint8",short,False,19.131215,0.0,0.752697
PyTorch,interpolate,"interpolate_input_size(1,3,600,400)_output_size(240,240)_channels_lastTrue_modenearest_dtypetorch.uint8",short,False,186.202415,0.0,7.733519
PyTorch,interpolate,"interpolate_input_size(1,3,600,400)_output_size(240,240)_channels_lastFalse_modenearest_dtypetorch.uint8",short,False,144.94901,0.0,9.934528
PyTorch,interpolate,"interpolate_input_size(1,3,320,320)_output_size(256,256)_channels_lastTrue_modenearest_dtypetorch.uint8",short,False,196.295009,0.0,3.129983
PyTorch,interpolate,"interpolate_input_size(1,3,320,320)_output_size(256,256)_channels_lastFalse_modenearest_dtypetorch.uint8",short,False,149.197607,0.0,4.118029
PyTorch,interpolate,"interpolate_input_size(1,1,60,40)_output_size(24,24)_channels_lastTrue_modenearest_dtypetorch.uint8",short,False,6.74033,0.0,0.712131
PyTorch,interpolate,"interpolate_input_size(1,1,60,40)_output_size(24,24)_channels_lastFalse_modenearest_dtypetorch.uint8",short,False,6.740427,0.0,0.712121
PyTorch,interpolate,"interpolate_input_size(1,1,600,400)_output_size(240,240)_channels_lastTrue_modenearest_dtypetorch.uint8",short,False,140.170315,0.0,3.424406
PyTorch,interpolate,"interpolate_input_size(1,1,600,400)_output_size(240,240)_channels_lastFalse_modenearest_dtypetorch.uint8",short,False,140.360462,0.0,3.419766
PyTorch,interpolate,"interpolate_input_size(1,1,320,320)_output_size(256,256)_channels_lastTrue_modenearest_dtypetorch.uint8",short,False,144.460436,0.0,1.417689
PyTorch,interpolate,"interpolate_input_size(1,1,320,320)_output_size(256,256)_channels_lastFalse_modenearest_dtypetorch.uint8",short,False,145.612736,0.0,1.40647
PyTorch,LayerNormBenchmark,"LayerNormBenchmark_dims(1,8,16)",short,False,3.677513,0.0,0.556898
PyTorch,LayerNormBenchmark,"LayerNormBenchmark_dims(8,8,16)",short,False,99.990877,0.0,0.092168
PyTorch,LayerNormBenchmark,"LayerNormBenchmark_dims(32,8,16)",short,False,99.101979,0.0,0.340982
PyTorch,LayerNormBenchmark,"LayerNormBenchmark_dims(64,128,56,56)",short,False,3121.5361,0.0,66.868411
PyTorch,linear,linear_N1_IN1_OUT1_cpu,short,False,11.259548,0.0,0.000711
PyTorch,linear,linear_N4_IN256_OUT128_cpu,short,False,100.412394,0.0,0.081584
PyTorch,linear,linear_N16_IN512_OUT256_cpu,short,False,234.005588,0.0,0.280062
PyTorch,matmul,matmul_M1_N1_K1_trans_aTrue_trans_bFalse_cpu,short,False,2.99016,0.0,0.004013
PyTorch,matmul,matmul_M128_N128_K128_trans_aTrue_trans_bFalse_cpu,short,False,233.287397,0.0,0.842772
PyTorch,matmul,matmul_M256_N256_K256_trans_aFalse_trans_bTrue_cpu,short,False,234.087667,0.0,3.359562
PyTorch,mm,mm_M1_N1_K1_cpu_dtypetorch.float32,short,False,3.390806,0.0,0.003539
PyTorch,mm,mm_M64_N64_K64_cpu_dtypetorch.float32,short,False,99.350087,0.0,0.494735
PyTorch,mm,mm_M64_N64_K128_cpu_dtypetorch.float32,short,False,99.650356,0.0,0.822074
PyTorch,nan_to_num,nan_to_num_M16_N64_dtypetorch.float32_replace_infTrue,short,False,2.265524,0.0,3.61594
PyTorch,nan_to_num,nan_to_num_M16_N64_dtypetorch.float32_replace_infFalse,short,False,2.585636,0.0,3.168272
PyTorch,nan_to_num,nan_to_num_M16_N64_dtypetorch.float64_replace_infTrue,short,False,2.631303,0.0,6.226574
PyTorch,nan_to_num,nan_to_num_M16_N64_dtypetorch.float64_replace_infFalse,short,False,2.952564,0.0,5.549075
PyTorch,nan_to_num,nan_to_num_M64_N64_dtypetorch.float32_replace_infTrue,short,False,3.326961,0.0,9.849228
PyTorch,nan_to_num,nan_to_num_M64_N64_dtypetorch.float32_replace_infFalse,short,False,3.67578,0.0,8.91457
PyTorch,nan_to_num,nan_to_num_M64_N64_dtypetorch.float64_replace_infTrue,short,False,4.900072,0.0,13.374496
PyTorch,nan_to_num,nan_to_num_M64_N64_dtypetorch.float64_replace_infFalse,short,False,5.253986,0.0,12.473577
PyTorch,nan_to_num_,nan_to_num__M16_N64_dtypetorch.float32_replace_infTrue,short,False,1.635507,0.0,5.008845
PyTorch,nan_to_num_,nan_to_num__M16_N64_dtypetorch.float32_replace_infFalse,short,False,1.945444,0.0,4.210864
PyTorch,nan_to_num_,nan_to_num__M16_N64_dtypetorch.float64_replace_infTrue,short,False,1.948036,0.0,8.410523
PyTorch,nan_to_num_,nan_to_num__M16_N64_dtypetorch.float64_replace_infFalse,short,False,2.293015,0.0,7.145179
PyTorch,nan_to_num_,nan_to_num__M64_N64_dtypetorch.float32_replace_infTrue,short,False,2.61218,0.0,12.54431
PyTorch,nan_to_num_,nan_to_num__M64_N64_dtypetorch.float32_replace_infFalse,short,False,2.929322,0.0,11.186208
PyTorch,nan_to_num_,nan_to_num__M64_N64_dtypetorch.float64_replace_infTrue,short,False,4.033195,0.0,16.249152
PyTorch,nan_to_num_,nan_to_num__M64_N64_dtypetorch.float64_replace_infFalse,short,False,4.36506,0.0,15.013768
PyTorch,MaxPool1d,MaxPool1d_kernel3_stride1_N8_C256_L256_cpu,short,False,134.417199,0.0,31.203626
PyTorch,AvgPool1d,AvgPool1d_kernel3_stride1_N8_C256_L256_cpu,short,False,363.438991,0.0,11.5406
PyTorch,MaxPool2d,"MaxPool2d_kernel[3,1]_stride[2,1]_N1_C16_H32_W32_cpu",short,False,96.952424,0.0,1.351921
PyTorch,AvgPool2d,"AvgPool2d_kernel[3,1]_stride[2,1]_N1_C16_H32_W32_cpu",short,False,97.816579,0.0,1.339977
PyTorch,AdaptiveMaxPool2d,"AdaptiveMaxPool2d_kernel[3,1]_stride[2,1]_N1_C16_H32_W32_cpu",short,False,102.821039,0.0,1.274759
PyTorch,FractionalMaxPool2d,"FractionalMaxPool2d_kernel[3,1]_stride[2,1]_N1_C16_H32_W32_cpu",short,False,110.03649,0.0,1.191168
PyTorch,MaxPool3d,"MaxPool3d_kernel[3,1,3]_stride[2,1,2]_N1_C16_D16_H32_W32_cpu",short,False,271.514829,0.0,7.723895
PyTorch,AvgPool3d,"AvgPool3d_kernel[3,1,3]_stride[2,1,2]_N1_C16_D16_H32_W32_cpu",short,False,122.847783,0.0,17.071142
PyTorch,AdaptiveMaxPool3d,"AdaptiveMaxPool3d_kernel[3,1,3]_stride[2,1,2]_N1_C16_D16_H32_W32_cpu",short,False,236.077819,0.0,8.883308
PyTorch,FractionalMaxPool3d,"FractionalMaxPool3d_kernel[3,1,3]_stride[2,1,2]_N1_C16_D16_H32_W32_cpu",short,False,108.710631,0.0,19.29114
PyTorch,fmod,fmod_M1_N1_K1_cpu_dtypetorch.int32,short,False,1.473034,0.0,0.008146
PyTorch,fmod,fmod_M1_N1_K1_cpu_dtypetorch.float32,short,False,1.49823,0.0,0.008009
PyTorch,fmod,fmod_M1_N1_K1_cpu_dtypetorch.float64,short,False,1.487746,0.0,0.016132
PyTorch,fmod,fmod_M64_N64_K64_cpu_dtypetorch.int32,short,False,177.387937,0.0,17.733607
PyTorch,fmod,fmod_M64_N64_K64_cpu_dtypetorch.float32,short,False,196.900384,0.0,15.976241
PyTorch,fmod,fmod_M64_N64_K64_cpu_dtypetorch.float64,short,False,292.790423,0.0,21.487916
PyTorch,fmod,fmod_M64_N64_K128_cpu_dtypetorch.int32,short,False,260.101845,0.0,24.188433
PyTorch,fmod,fmod_M64_N64_K128_cpu_dtypetorch.float32,short,False,299.38743,0.0,21.014429
PyTorch,fmod,fmod_M64_N64_K128_cpu_dtypetorch.float64,short,False,490.417121,0.0,25.657571
PyTorch,remainder,remainder_M1_N1_K1_cpu_dtypetorch.int32,short,False,1.451351,0.0,0.008268
PyTorch,remainder,remainder_M1_N1_K1_cpu_dtypetorch.float32,short,False,1.458417,0.0,0.008228
PyTorch,remainder,remainder_M1_N1_K1_cpu_dtypetorch.float64,short,False,1.476744,0.0,0.016252
PyTorch,remainder,remainder_M64_N64_K64_cpu_dtypetorch.int32,short,False,193.045628,0.0,16.295256
PyTorch,remainder,remainder_M64_N64_K64_cpu_dtypetorch.float32,short,False,217.690212,0.0,14.45048
PyTorch,remainder,remainder_M64_N64_K64_cpu_dtypetorch.float64,short,False,336.461981,0.0,18.698862
PyTorch,remainder,remainder_M64_N64_K128_cpu_dtypetorch.int32,short,False,301.38862,0.0,20.874896
PyTorch,remainder,remainder_M64_N64_K128_cpu_dtypetorch.float32,short,False,339.304053,0.0,18.542237
PyTorch,remainder,remainder_M64_N64_K128_cpu_dtypetorch.float64,short,False,582.283932,0.0,21.609581
PyTorch,Softmax,Softmax_N1_C3_H256_W256_cpu,short,False,158.08982,0.0,9.94918
PyTorch,Softmax,Softmax_N4_C3_H256_W256_cpu,short,False,376.38318,0.0,16.715561
PyTorch,Softmax2d,Softmax2d_N1_C3_H256_W256_cpu,short,False,157.081997,0.0,10.013013
PyTorch,Softmax2d,Softmax2d_N4_C3_H256_W256_cpu,short,False,378.498972,0.0,16.622122
PyTorch,LogSoftmax,LogSoftmax_N1_C3_H256_W256_cpu,short,False,210.618774,0.0,7.467824
PyTorch,LogSoftmax,LogSoftmax_N4_C3_H256_W256_cpu,short,False,340.701675,0.0,18.466173
PyTorch,split,split_M8_N8_parts2_cpu,short,False,3.183157,0.0,0.160847
PyTorch,split,split_M256_N512_parts2_cpu,short,False,3.207493,0.0,326.914542
PyTorch,split,split_M512_N512_parts2_cpu,short,False,3.167241,0.0,662.138383
PyTorch,stack,"stack_sizes(1,1,1)_N2_cpu_dim0",short,False,4.43196,0.0,0.00361
PyTorch,stack,"stack_sizes(1,1,1)_N2_cpu_dim1",short,False,4.940935,0.0,0.003238
PyTorch,stack,"stack_sizes(1,1,1)_N2_cpu_dim2",short,False,5.012393,0.0,0.003192
PyTorch,stack,"stack_sizes(1,1,1)_N2_cpu_dim3",short,False,4.698735,0.0,0.003405
PyTorch,stack,"stack_sizes(512,512,2)_N2_cpu_dim0",short,False,181.390615,0.0,46.246097
PyTorch,stack,"stack_sizes(512,512,2)_N2_cpu_dim1",short,False,188.579512,0.0,44.483135
PyTorch,stack,"stack_sizes(512,512,2)_N2_cpu_dim2",short,False,252.259635,0.0,33.253866
PyTorch,stack,"stack_sizes(512,512,2)_N2_cpu_dim3",short,False,217.00484,0.0,38.656318
PyTorch,stack,"stack_sizes(128,1024,2)_N2_cpu_dim0",short,False,182.22881,0.0,23.01669
PyTorch,stack,"stack_sizes(128,1024,2)_N2_cpu_dim1",short,False,183.99156,0.0,22.796176
PyTorch,stack,"stack_sizes(128,1024,2)_N2_cpu_dim2",short,False,240.195383,0.0,17.462051
PyTorch,stack,"stack_sizes(128,1024,2)_N2_cpu_dim3",short,False,211.32947,0.0,19.847227
PyTorch,sum,sum_R64_V32_dim0_contiguousTrue_cpu,short,False,2.595929,0.0,6.311421
PyTorch,sum,sum_R64_V32_dim0_contiguousFalse_cpu,short,False,3.007492,0.0,5.447728
PyTorch,sum,sum_R64_V32_dim1_contiguousTrue_cpu,short,False,2.699868,0.0,6.068446
PyTorch,sum,sum_R64_V32_dim1_contiguousFalse_cpu,short,False,3.129732,0.0,5.234953
PyTorch,sum,sum_R64_V512_dim0_contiguousTrue_cpu,short,False,100.776013,0.0,2.601254
PyTorch,sum,sum_R64_V512_dim0_contiguousFalse_cpu,short,False,95.916234,0.0,2.733051
PyTorch,sum,sum_R64_V512_dim1_contiguousTrue_cpu,short,False,88.175095,0.0,2.972994
PyTorch,sum,sum_R64_V512_dim1_contiguousFalse_cpu,short,False,93.688525,0.0,2.798037
PyTorch,sum,sum_R256_V32_dim0_contiguousTrue_cpu,short,False,3.194931,0.0,20.512493
PyTorch,sum,sum_R256_V32_dim0_contiguousFalse_cpu,short,False,5.296198,0.0,12.374161
PyTorch,sum,sum_R256_V32_dim1_contiguousTrue_cpu,short,False,3.217665,0.0,20.367568
PyTorch,sum,sum_R256_V32_dim1_contiguousFalse_cpu,short,False,4.935964,0.0,13.277244
PyTorch,sum,sum_R256_V512_dim0_contiguousTrue_cpu,short,False,97.616629,0.0,10.741776
PyTorch,sum,sum_R256_V512_dim0_contiguousFalse_cpu,short,False,102.29872,0.0,10.250138
PyTorch,sum,sum_R256_V512_dim1_contiguousTrue_cpu,short,False,99.191861,0.0,10.57119
PyTorch,sum,sum_R256_V512_dim1_contiguousFalse_cpu,short,False,100.295061,0.0,10.454912
PyTorch,TensorConversionBenchmark,TensorConversionBenchmark_M32_N128_cpu_dtype_onetorch.bool_dtype_twotorch.bool,short,False,0.832785,0.0,9.836874
PyTorch,TensorConversionBenchmark,TensorConversionBenchmark_M32_N128_cpu_dtype_onetorch.bool_dtype_twotorch.uint8,short,False,1.879444,0.0,4.358737
PyTorch,TensorConversionBenchmark,TensorConversionBenchmark_M32_N128_cpu_dtype_onetorch.bool_dtype_twotorch.int8,short,False,1.873402,0.0,4.372794
PyTorch,TensorConversionBenchmark,TensorConversionBenchmark_M32_N128_cpu_dtype_onetorch.bool_dtype_twotorch.int16,short,False,1.915257,0.0,4.277232
PyTorch,TensorConversionBenchmark,TensorConversionBenchmark_M32_N128_cpu_dtype_onetorch.bool_dtype_twotorch.int32,short,False,2.152295,0.0,3.806169
PyTorch,TensorConversionBenchmark,TensorConversionBenchmark_M32_N128_cpu_dtype_onetorch.bool_dtype_twotorch.int64,short,False,2.549917,0.0,3.212654
PyTorch,TensorConversionBenchmark,TensorConversionBenchmark_M32_N128_cpu_dtype_onetorch.bool_dtype_twotorch.float16,short,False,4.329274,0.0,1.892234
PyTorch,TensorConversionBenchmark,TensorConversionBenchmark_M32_N128_cpu_dtype_onetorch.bool_dtype_twotorch.bfloat16,short,False,5.472698,0.0,1.496885
PyTorch,TensorConversionBenchmark,TensorConversionBenchmark_M32_N128_cpu_dtype_onetorch.bool_dtype_twotorch.float32,short,False,3.899173,0.0,2.100958
PyTorch,TensorConversionBenchmark,TensorConversionBenchmark_M32_N128_cpu_dtype_onetorch.bool_dtype_twotorch.float64,short,False,4.05369,0.0,2.020875
PyTorch,TensorConversionBenchmark,TensorConversionBenchmark_M32_N128_cpu_dtype_onetorch.uint8_dtype_twotorch.bool,short,False,1.884762,0.0,4.346438
PyTorch,TensorConversionBenchmark,TensorConversionBenchmark_M32_N128_cpu_dtype_onetorch.uint8_dtype_twotorch.uint8,short,False,0.82097,0.0,9.97844
PyTorch,TensorConversionBenchmark,TensorConversionBenchmark_M32_N128_cpu_dtype_onetorch.uint8_dtype_twotorch.int8,short,False,1.816423,0.0,4.509964
PyTorch,TensorConversionBenchmark,TensorConversionBenchmark_M32_N128_cpu_dtype_onetorch.uint8_dtype_twotorch.int16,short,False,1.94639,0.0,4.208817
PyTorch,TensorConversionBenchmark,TensorConversionBenchmark_M32_N128_cpu_dtype_onetorch.uint8_dtype_twotorch.int32,short,False,2.250936,0.0,3.639374
PyTorch,TensorConversionBenchmark,TensorConversionBenchmark_M32_N128_cpu_dtype_onetorch.uint8_dtype_twotorch.int64,short,False,2.842108,0.0,2.882368
PyTorch,TensorConversionBenchmark,TensorConversionBenchmark_M32_N128_cpu_dtype_onetorch.uint8_dtype_twotorch.float16,short,False,2.297476,0.0,3.565652
PyTorch,TensorConversionBenchmark,TensorConversionBenchmark_M32_N128_cpu_dtype_onetorch.uint8_dtype_twotorch.bfloat16,short,False,2.819684,0.0,2.90529
PyTorch,TensorConversionBenchmark,TensorConversionBenchmark_M32_N128_cpu_dtype_onetorch.uint8_dtype_twotorch.float32,short,False,2.438029,0.0,3.360091
PyTorch,TensorConversionBenchmark,TensorConversionBenchmark_M32_N128_cpu_dtype_onetorch.uint8_dtype_twotorch.float64,short,False,2.993204,0.0,2.736866
PyTorch,TensorConversionBenchmark,TensorConversionBenchmark_M32_N128_cpu_dtype_onetorch.int8_dtype_twotorch.bool,short,False,1.884907,0.0,4.346104
PyTorch,TensorConversionBenchmark,TensorConversionBenchmark_M32_N128_cpu_dtype_onetorch.int8_dtype_twotorch.uint8,short,False,1.840818,0.0,4.450196
PyTorch,TensorConversionBenchmark,TensorConversionBenchmark_M32_N128_cpu_dtype_onetorch.int8_dtype_twotorch.int8,short,False,0.81952,0.0,9.996094
PyTorch,TensorConversionBenchmark,TensorConversionBenchmark_M32_N128_cpu_dtype_onetorch.int8_dtype_twotorch.int16,short,False,1.965547,0.0,4.167797
PyTorch,TensorConversionBenchmark,TensorConversionBenchmark_M32_N128_cpu_dtype_onetorch.int8_dtype_twotorch.int32,short,False,2.275242,0.0,3.600496
PyTorch,TensorConversionBenchmark,TensorConversionBenchmark_M32_N128_cpu_dtype_onetorch.int8_dtype_twotorch.int64,short,False,2.85188,0.0,2.872491
PyTorch,TensorConversionBenchmark,TensorConversionBenchmark_M32_N128_cpu_dtype_onetorch.int8_dtype_twotorch.float16,short,False,2.288202,0.0,3.580103
PyTorch,TensorConversionBenchmark,TensorConversionBenchmark_M32_N128_cpu_dtype_onetorch.int8_dtype_twotorch.bfloat16,short,False,2.824205,0.0,2.90064
PyTorch,TensorConversionBenchmark,TensorConversionBenchmark_M32_N128_cpu_dtype_onetorch.int8_dtype_twotorch.float32,short,False,2.456125,0.0,3.335335
PyTorch,TensorConversionBenchmark,TensorConversionBenchmark_M32_N128_cpu_dtype_onetorch.int8_dtype_twotorch.float64,short,False,3.011722,0.0,2.720038
PyTorch,TensorConversionBenchmark,TensorConversionBenchmark_M32_N128_cpu_dtype_onetorch.int16_dtype_twotorch.bool,short,False,2.127433,0.0,7.701299
PyTorch,TensorConversionBenchmark,TensorConversionBenchmark_M32_N128_cpu_dtype_onetorch.int16_dtype_twotorch.uint8,short,False,1.9767,0.0,8.288563
PyTorch,TensorConversionBenchmark,TensorConversionBenchmark_M32_N128_cpu_dtype_onetorch.int16_dtype_twotorch.int8,short,False,1.980978,0.0,8.270661
PyTorch,TensorConversionBenchmark,TensorConversionBenchmark_M32_N128_cpu_dtype_onetorch.int16_dtype_twotorch.int16,short,False,0.826172,0.0,19.831225
PyTorch,TensorConversionBenchmark,TensorConversionBenchmark_M32_N128_cpu_dtype_onetorch.int16_dtype_twotorch.int32,short,False,2.290514,0.0,7.152981
PyTorch,TensorConversionBenchmark,TensorConversionBenchmark_M32_N128_cpu_dtype_onetorch.int16_dtype_twotorch.int64,short,False,2.866744,0.0,5.715194
PyTorch,TensorConversionBenchmark,TensorConversionBenchmark_M32_N128_cpu_dtype_onetorch.int16_dtype_twotorch.float16,short,False,2.280708,0.0,7.183734
PyTorch,TensorConversionBenchmark,TensorConversionBenchmark_M32_N128_cpu_dtype_onetorch.int16_dtype_twotorch.bfloat16,short,False,2.986016,0.0,5.486909
PyTorch,TensorConversionBenchmark,TensorConversionBenchmark_M32_N128_cpu_dtype_onetorch.int16_dtype_twotorch.float32,short,False,2.460141,0.0,6.659782
PyTorch,TensorConversionBenchmark,TensorConversionBenchmark_M32_N128_cpu_dtype_onetorch.int16_dtype_twotorch.float64,short,False,3.069861,0.0,5.33705
PyTorch,TensorConversionBenchmark,TensorConversionBenchmark_M32_N128_cpu_dtype_onetorch.int32_dtype_twotorch.bool,short,False,2.53641,0.0,12.919047
PyTorch,TensorConversionBenchmark,TensorConversionBenchmark_M32_N128_cpu_dtype_onetorch.int32_dtype_twotorch.uint8,short,False,2.242611,0.0,14.61154
PyTorch,TensorConversionBenchmark,TensorConversionBenchmark_M32_N128_cpu_dtype_onetorch.int32_dtype_twotorch.int8,short,False,2.24119,0.0,14.620802
PyTorch,TensorConversionBenchmark,TensorConversionBenchmark_M32_N128_cpu_dtype_onetorch.int32_dtype_twotorch.int16,short,False,2.296262,0.0,14.270151
PyTorch,TensorConversionBenchmark,TensorConversionBenchmark_M32_N128_cpu_dtype_onetorch.int32_dtype_twotorch.int32,short,False,0.820238,0.0,39.94936
PyTorch,TensorConversionBenchmark,TensorConversionBenchmark_M32_N128_cpu_dtype_onetorch.int32_dtype_twotorch.int64,short,False,2.907341,0.0,11.270781
PyTorch,TensorConversionBenchmark,TensorConversionBenchmark_M32_N128_cpu_dtype_onetorch.int32_dtype_twotorch.float16,short,False,3.78984,0.0,8.646275
PyTorch,TensorConversionBenchmark,TensorConversionBenchmark_M32_N128_cpu_dtype_onetorch.int32_dtype_twotorch.bfloat16,short,False,3.193719,0.0,10.260139
PyTorch,TensorConversionBenchmark,TensorConversionBenchmark_M32_N128_cpu_dtype_onetorch.int32_dtype_twotorch.float32,short,False,2.611806,0.0,12.546106
PyTorch,TensorConversionBenchmark,TensorConversionBenchmark_M32_N128_cpu_dtype_onetorch.int32_dtype_twotorch.float64,short,False,2.973584,0.0,11.019697
PyTorch,TensorConversionBenchmark,TensorConversionBenchmark_M32_N128_cpu_dtype_onetorch.int64_dtype_twotorch.bool,short,False,3.405015,0.0,19.246906
PyTorch,TensorConversionBenchmark,TensorConversionBenchmark_M32_N128_cpu_dtype_onetorch.int64_dtype_twotorch.uint8,short,False,2.819203,0.0,23.246287
PyTorch,TensorConversionBenchmark,TensorConversionBenchmark_M32_N128_cpu_dtype_onetorch.int64_dtype_twotorch.int8,short,False,2.802885,0.0,23.381623
PyTorch,TensorConversionBenchmark,TensorConversionBenchmark_M32_N128_cpu_dtype_onetorch.int64_dtype_twotorch.int16,short,False,2.927689,0.0,22.384889
PyTorch,TensorConversionBenchmark,TensorConversionBenchmark_M32_N128_cpu_dtype_onetorch.int64_dtype_twotorch.int32,short,False,2.921958,0.0,22.4288
PyTorch,TensorConversionBenchmark,TensorConversionBenchmark_M32_N128_cpu_dtype_onetorch.int64_dtype_twotorch.int64,short,False,0.820938,0.0,79.83065
PyTorch,TensorConversionBenchmark,TensorConversionBenchmark_M32_N128_cpu_dtype_onetorch.int64_dtype_twotorch.float16,short,False,3.89578,0.0,16.822305
PyTorch,TensorConversionBenchmark,TensorConversionBenchmark_M32_N128_cpu_dtype_onetorch.int64_dtype_twotorch.bfloat16,short,False,5.309179,0.0,12.343905
PyTorch,TensorConversionBenchmark,TensorConversionBenchmark_M32_N128_cpu_dtype_onetorch.int64_dtype_twotorch.float32,short,False,3.709749,0.0,17.665885
PyTorch,TensorConversionBenchmark,TensorConversionBenchmark_M32_N128_cpu_dtype_onetorch.int64_dtype_twotorch.float64,short,False,3.243175,0.0,20.207358
PyTorch,TensorConversionBenchmark,TensorConversionBenchmark_M32_N128_cpu_dtype_onetorch.float16_dtype_twotorch.bool,short,False,2.250459,0.0,7.280292
PyTorch,TensorConversionBenchmark,TensorConversionBenchmark_M32_N128_cpu_dtype_onetorch.float16_dtype_twotorch.uint8,short,False,3.621772,0.0,4.523752
PyTorch,TensorConversionBenchmark,TensorConversionBenchmark_M32_N128_cpu_dtype_onetorch.float16_dtype_twotorch.int8,short,False,2.064347,0.0,7.936649
PyTorch,TensorConversionBenchmark,TensorConversionBenchmark_M32_N128_cpu_dtype_onetorch.float16_dtype_twotorch.int16,short,False,2.066428,0.0,7.928658
PyTorch,TensorConversionBenchmark,TensorConversionBenchmark_M32_N128_cpu_dtype_onetorch.float16_dtype_twotorch.int32,short,False,3.83574,0.0,4.271406
PyTorch,TensorConversionBenchmark,TensorConversionBenchmark_M32_N128_cpu_dtype_onetorch.float16_dtype_twotorch.int64,short,False,3.753771,0.0,4.364678
PyTorch,TensorConversionBenchmark,TensorConversionBenchmark_M32_N128_cpu_dtype_onetorch.float16_dtype_twotorch.float16,short,False,0.825026,0.0,19.858762
PyTorch,TensorConversionBenchmark,TensorConversionBenchmark_M32_N128_cpu_dtype_onetorch.float16_dtype_twotorch.bfloat16,short,False,3.169154,0.0,5.169834
PyTorch,TensorConversionBenchmark,TensorConversionBenchmark_M32_N128_cpu_dtype_onetorch.float16_dtype_twotorch.float32,short,False,5.457927,0.0,3.001872
PyTorch,TensorConversionBenchmark,TensorConversionBenchmark_M32_N128_cpu_dtype_onetorch.float16_dtype_twotorch.float64,short,False,2.84864,0.0,5.751518
PyTorch,TensorConversionBenchmark,TensorConversionBenchmark_M32_N128_cpu_dtype_onetorch.bfloat16_dtype_twotorch.bool,short,False,2.254974,0.0,7.265714
PyTorch,TensorConversionBenchmark,TensorConversionBenchmark_M32_N128_cpu_dtype_onetorch.bfloat16_dtype_twotorch.uint8,short,False,3.730142,0.0,4.392326
PyTorch,TensorConversionBenchmark,TensorConversionBenchmark_M32_N128_cpu_dtype_onetorch.bfloat16_dtype_twotorch.int8,short,False,2.20887,0.0,7.417368
PyTorch,TensorConversionBenchmark,TensorConversionBenchmark_M32_N128_cpu_dtype_onetorch.bfloat16_dtype_twotorch.int16,short,False,2.194845,0.0,7.464765
PyTorch,TensorConversionBenchmark,TensorConversionBenchmark_M32_N128_cpu_dtype_onetorch.bfloat16_dtype_twotorch.int32,short,False,2.226073,0.0,7.360046
PyTorch,TensorConversionBenchmark,TensorConversionBenchmark_M32_N128_cpu_dtype_onetorch.bfloat16_dtype_twotorch.int64,short,False,4.150038,0.0,3.947915
PyTorch,TensorConversionBenchmark,TensorConversionBenchmark_M32_N128_cpu_dtype_onetorch.bfloat16_dtype_twotorch.float16,short,False,2.585061,0.0,6.337954
PyTorch,TensorConversionBenchmark,TensorConversionBenchmark_M32_N128_cpu_dtype_onetorch.bfloat16_dtype_twotorch.bfloat16,short,False,0.829006,0.0,19.763429
PyTorch,TensorConversionBenchmark,TensorConversionBenchmark_M32_N128_cpu_dtype_onetorch.bfloat16_dtype_twotorch.float32,short,False,2.922396,0.0,5.606359
PyTorch,TensorConversionBenchmark,TensorConversionBenchmark_M32_N128_cpu_dtype_onetorch.bfloat16_dtype_twotorch.float64,short,False,2.661485,0.0,6.155962
PyTorch,TensorConversionBenchmark,TensorConversionBenchmark_M32_N128_cpu_dtype_onetorch.float32_dtype_twotorch.bool,short,False,2.469278,0.0,13.270277
PyTorch,TensorConversionBenchmark,TensorConversionBenchmark_M32_N128_cpu_dtype_onetorch.float32_dtype_twotorch.uint8,short,False,3.740239,0.0,8.760938
PyTorch,TensorConversionBenchmark,TensorConversionBenchmark_M32_N128_cpu_dtype_onetorch.float32_dtype_twotorch.int8,short,False,2.145139,0.0,15.275463
PyTorch,TensorConversionBenchmark,TensorConversionBenchmark_M32_N128_cpu_dtype_onetorch.float32_dtype_twotorch.int16,short,False,2.174151,0.0,15.071633
PyTorch,TensorConversionBenchmark,TensorConversionBenchmark_M32_N128_cpu_dtype_onetorch.float32_dtype_twotorch.int32,short,False,2.352671,0.0,13.927998
PyTorch,TensorConversionBenchmark,TensorConversionBenchmark_M32_N128_cpu_dtype_onetorch.float32_dtype_twotorch.int64,short,False,3.719105,0.0,8.810722
PyTorch,TensorConversionBenchmark,TensorConversionBenchmark_M32_N128_cpu_dtype_onetorch.float32_dtype_twotorch.float16,short,False,14.0051,0.0,2.339719
PyTorch,TensorConversionBenchmark,TensorConversionBenchmark_M32_N128_cpu_dtype_onetorch.float32_dtype_twotorch.bfloat16,short,False,2.831298,0.0,11.573492
PyTorch,TensorConversionBenchmark,TensorConversionBenchmark_M32_N128_cpu_dtype_onetorch.float32_dtype_twotorch.float32,short,False,0.821653,0.0,39.880569
PyTorch,TensorConversionBenchmark,TensorConversionBenchmark_M32_N128_cpu_dtype_onetorch.float32_dtype_twotorch.float64,short,False,2.751822,0.0,11.907747
PyTorch,TensorConversionBenchmark,TensorConversionBenchmark_M32_N128_cpu_dtype_onetorch.float64_dtype_twotorch.bool,short,False,3.268519,0.0,20.050674
PyTorch,TensorConversionBenchmark,TensorConversionBenchmark_M32_N128_cpu_dtype_onetorch.float64_dtype_twotorch.uint8,short,False,2.96484,0.0,22.104394
PyTorch,TensorConversionBenchmark,TensorConversionBenchmark_M32_N128_cpu_dtype_onetorch.float64_dtype_twotorch.int8,short,False,2.540925,0.0,25.792182
PyTorch,TensorConversionBenchmark,TensorConversionBenchmark_M32_N128_cpu_dtype_onetorch.float64_dtype_twotorch.int16,short,False,2.49927,0.0,26.222057
PyTorch,TensorConversionBenchmark,TensorConversionBenchmark_M32_N128_cpu_dtype_onetorch.float64_dtype_twotorch.int32,short,False,2.693392,0.0,24.332139
PyTorch,TensorConversionBenchmark,TensorConversionBenchmark_M32_N128_cpu_dtype_onetorch.float64_dtype_twotorch.int64,short,False,3.018153,0.0,21.713944
PyTorch,TensorConversionBenchmark,TensorConversionBenchmark_M32_N128_cpu_dtype_onetorch.float64_dtype_twotorch.float16,short,False,3.173617,0.0,20.650255
PyTorch,TensorConversionBenchmark,TensorConversionBenchmark_M32_N128_cpu_dtype_onetorch.float64_dtype_twotorch.bfloat16,short,False,3.479502,0.0,18.834877
PyTorch,TensorConversionBenchmark,TensorConversionBenchmark_M32_N128_cpu_dtype_onetorch.float64_dtype_twotorch.float32,short,False,2.772736,0.0,23.635861
PyTorch,TensorConversionBenchmark,TensorConversionBenchmark_M32_N128_cpu_dtype_onetorch.float64_dtype_twotorch.float64,short,False,0.827401,0.0,79.207035
PyTorch,addcmul,addcmul_M1_N2_cpu_dtypetorch.float32,short,False,1.679107,0.0,0.019058
PyTorch,addcmul,addcmul_M1_N2_cpu_dtypetorch.bfloat16,short,False,1.700761,0.0,0.009408
PyTorch,addcmul,addcmul_M32_N64_cpu_dtypetorch.float32,short,False,2.242941,0.0,14.609393
PyTorch,addcmul,addcmul_M32_N64_cpu_dtypetorch.bfloat16,short,False,2.343455,0.0,6.991386
PyTorch,addcdiv,addcdiv_M1_N2_cpu_dtypetorch.float32,short,False,1.660348,0.0,0.019273
PyTorch,addcdiv,addcdiv_M1_N2_cpu_dtypetorch.bfloat16,short,False,1.643669,0.0,0.009734
PyTorch,addcdiv,addcdiv_M32_N64_cpu_dtypetorch.float32,short,False,2.491976,0.0,13.149403
PyTorch,addcdiv,addcdiv_M32_N64_cpu_dtypetorch.bfloat16,short,False,2.327506,0.0,7.039295
PyTorch,topk,"topk_shape(16,4)_k4_dim1_cpu_dtypetorch.float32",short,False,2.906203,0.0,0.176175
PyTorch,topk,"topk_shape(1048576,)_k16_dim0_cpu_dtypetorch.float32",short,False,2401.093786,0.0,3.493661
PyTorch,where,"where_cond_shape(8,16,1)_input_shape(1,)_other_shape(1,)_cpu_dtypetorch.float32",short,False,2.376711,0.0,0.111078
PyTorch,where,"where_cond_shape(8,16,1)_input_shape(16,1)_other_shape(8,16,1)_cpu_dtypetorch.float32",short,False,2.396579,0.0,0.347162
PyTorch,where,"where_cond_shape(8,16,1)_input_shape(8,1,1)_other_shape(1,)_cpu_dtypetorch.float32",short,False,2.405678,0.0,0.121379
PyTorch,abs,abs_M512_N512_cpu,short,False,94.621984,0.0,22.163475
PyTorch,abs_,abs__M512_N512_cpu,short,False,94.394833,0.0,22.216809
PyTorch,acos,acos_M512_N512_cpu,short,False,208.858703,0.0,10.041008
PyTorch,acos_,acos__M512_N512_cpu,short,False,200.772325,0.0,10.445424
PyTorch,argsort,argsort_M512_N512_cpu,short,False,1553.659039,0.0,1.349815
PyTorch,asin,asin_M512_N512_cpu,short,False,187.38638,0.0,11.191592
PyTorch,asin_,asin__M512_N512_cpu,short,False,181.810659,0.0,11.534813
PyTorch,atan,atan_M512_N512_cpu,short,False,230.092049,0.0,9.114404
PyTorch,atan_,atan__M512_N512_cpu,short,False,226.799185,0.0,9.246735
PyTorch,ceil,ceil_M512_N512_cpu,short,False,91.384081,0.0,22.948767
PyTorch,ceil_,ceil__M512_N512_cpu,short,False,93.639295,0.0,22.396068
PyTorch,clamp,clamp_M512_N512_cpu,short,False,96.638075,0.0,21.701095
PyTorch,clone,clone_M512_N512_cpu,short,False,93.084726,0.0,22.529496
PyTorch,cos,cos_M512_N512_cpu,short,False,198.308288,0.0,10.575211
PyTorch,cos_,cos__M512_N512_cpu,short,False,194.989258,0.0,10.755218
PyTorch,cosh,cosh_M512_N512_cpu,short,False,355.166527,0.0,5.904701
PyTorch,digamma,digamma_M512_N512_cpu,short,False,552.944398,0.0,3.7927
PyTorch,erf,erf_M512_N512_cpu,short,False,119.308047,0.0,17.577624
PyTorch,erf_,erf__M512_N512_cpu,short,False,119.143321,0.0,17.601927
PyTorch,erfc,erfc_M512_N512_cpu,short,False,549.057056,0.0,3.819552
PyTorch,erfc_,erfc__M512_N512_cpu,short,False,545.414032,0.0,3.845064
PyTorch,erfinv,erfinv_M512_N512_cpu,short,False,1346.349052,0.0,1.557658
PyTorch,exp,exp_M512_N512_cpu,short,False,114.396945,0.0,18.332238
PyTorch,exp_,exp__M512_N512_cpu,short,False,115.508359,0.0,18.155846
PyTorch,expm1,expm1_M512_N512_cpu,short,False,267.05176,0.0,7.85298
PyTorch,expm1_,expm1__M512_N512_cpu,short,False,264.523423,0.0,7.928039
PyTorch,floor,floor_M512_N512_cpu,short,False,91.920442,0.0,22.81486
PyTorch,floor_,floor__M512_N512_cpu,short,False,92.196689,0.0,22.7465
PyTorch,frac,frac_M512_N512_cpu,short,False,94.751179,0.0,22.133255
PyTorch,frac_,frac__M512_N512_cpu,short,False,95.427327,0.0,21.97643
PyTorch,gelu,gelu_M512_N512_cpu,short,False,205.147734,0.0,10.222643
PyTorch,hardshrink,hardshrink_M512_N512_cpu,short,False,100.767623,0.0,20.811764
PyTorch,lgamma,lgamma_M512_N512_cpu,short,False,1007.769552,0.0,2.080984
PyTorch,log,log_M512_N512_cpu,short,False,198.039197,0.0,10.58958
PyTorch,log10,log10_M512_N512_cpu,short,False,206.474874,0.0,10.156936
PyTorch,log10_,log10__M512_N512_cpu,short,False,203.535322,0.0,10.303627
PyTorch,log1p,log1p_M512_N512_cpu,short,False,205.055037,0.0,10.227264
PyTorch,log1p_,log1p__M512_N512_cpu,short,False,202.521518,0.0,10.355206
PyTorch,log2,log2_M512_N512_cpu,short,False,204.300554,0.0,10.265033
PyTorch,log2_,log2__M512_N512_cpu,short,False,201.327841,0.0,10.416602
PyTorch,log_,log__M512_N512_cpu,short,False,195.123885,0.0,10.747797
PyTorch,logit,logit_M512_N512_cpu,short,False,221.698129,0.0,9.459493
PyTorch,logit_,logit__M512_N512_cpu,short,False,216.802609,0.0,9.673094
PyTorch,neg,neg_M512_N512_cpu,short,False,96.162183,0.0,21.80849
PyTorch,neg_,neg__M512_N512_cpu,short,False,94.154968,0.0,22.273408
PyTorch,reciprocal,reciprocal_M512_N512_cpu,short,False,102.185403,0.0,20.52301
PyTorch,reciprocal_,reciprocal__M512_N512_cpu,short,False,101.195041,0.0,20.723861
PyTorch,relu,relu_M512_N512_cpu,short,False,95.257886,0.0,22.015521
PyTorch,relu_,relu__M512_N512_cpu,short,False,96.073428,0.0,21.828637
PyTorch,round,round_M512_N512_cpu,short,False,92.68574,0.0,22.626479
PyTorch,round_,round__M512_N512_cpu,short,False,92.797078,0.0,22.599332
PyTorch,rsqrt,rsqrt_M512_N512_cpu,short,False,111.955252,0.0,18.732055
PyTorch,rsqrt_,rsqrt__M512_N512_cpu,short,False,110.487659,0.0,18.980871
PyTorch,sigmoid,sigmoid_M512_N512_cpu,short,False,152.874356,0.0,13.718141
PyTorch,sigmoid_,sigmoid__M512_N512_cpu,short,False,153.413768,0.0,13.669907
PyTorch,sign,sign_M512_N512_cpu,short,False,99.043742,0.0,21.173998
PyTorch,sgn,sgn_M512_N512_cpu,short,False,98.620185,0.0,21.264937
PyTorch,sin,sin_M512_N512_cpu,short,False,171.54844,0.0,12.224839
PyTorch,sin_,sin__M512_N512_cpu,short,False,170.246189,0.0,12.318349
PyTorch,sinh,sinh_M512_N512_cpu,short,False,520.917114,0.0,4.025884
PyTorch,sqrt,sqrt_M512_N512_cpu,short,False,93.561718,0.0,22.414638
PyTorch,sqrt_,sqrt__M512_N512_cpu,short,False,94.043769,0.0,22.299744
PyTorch,square,square_M512_N512_cpu,short,False,96.178295,0.0,21.804836
PyTorch,square_,square__M512_N512_cpu,short,False,96.214958,0.0,21.796528
PyTorch,tan,tan_M512_N512_cpu,short,False,259.43395,0.0,8.083568
PyTorch,tan_,tan__M512_N512_cpu,short,False,256.466048,0.0,8.177114
PyTorch,tanh,tanh_M512_N512_cpu,short,False,303.780525,0.0,6.90351
PyTorch,tanh_,tanh__M512_N512_cpu,short,False,300.560092,0.0,6.97748
PyTorch,trunc,trunc_M512_N512_cpu,short,False,91.025472,0.0,23.039178
PyTorch,trunc_,trunc__M512_N512_cpu,short,False,94.25033,0.0,22.250872
PyTorch,unique,unique_M512_N512_cpu,short,False,22022.89403,0.0,0.095226
PyTorch,zero_,zero__M512_N512_cpu,short,False,95.198558,0.0,22.029241
PyTorch,bernoulli_,bernoulli__M512_N512_cpu,short,False,2859.213912,0.0,0.733472
PyTorch,cauchy_,cauchy__M512_N512_cpu,short,False,6388.722323,0.0,0.328258
PyTorch,digamma_,digamma__M512_N512_cpu,short,False,1042.190955,0.0,2.012253
PyTorch,exponential_,exponential__M512_N512_cpu,short,False,4711.084303,0.0,0.445153
PyTorch,normal_,normal__M512_N512_cpu,short,False,2165.676285,0.0,0.968359
PyTorch,random_,random__M512_N512_cpu,short,False,777.653895,0.0,2.696768
PyTorch,sign_,sign__M512_N512_cpu,short,False,99.717736,0.0,21.030883
PyTorch,uniform_,uniform__M512_N512_cpu,short,False,854.716394,0.0,2.453623
PyTorch,half,half_M512_N512_cpu,short,False,244.086028,0.0,8.591856
PyTorch,long,long_M512_N512_cpu,short,False,106.96521,0.0,19.605926
